trajectory_id,task_id,native_cumulative_policy_time,k5_cumulative_policy_time,saving_fraction,native_completed,k5_completed,native_success,k5_success,native_policy_calls,k5_policy_calls,initial_protected_state_hash,initial_observation_hash,source_file,source_row_or_key,native_policy_calls_file,native_policy_calls_sha256,k5_policy_calls_file,k5_policy_calls_sha256
JNT__task5__demo000418__TRANSPORT,5,3.763511277735233,2.8499017730355263,0.24275455479689412,True,True,True,True,6,6,a3318130b0942adc89b774c9419588b9a214fa19713e7965baab375ff0a2bb25,886f98d280b67112234cfa9310d85a2af256ecf731e0a03a550e3fe852f7d425,@DATA@/wam_factor_routing_v5/joint_idm_compute_confirmatory_v1_20260909/joint_new_trajectory_confirmatory/new_trajectory_closedloop/shards/shard_01_outcomes.csv | @DATA@/wam_factor_routing_v5/joint_idm_compute_confirmatory_v1_20260909/joint_new_trajectory_confirmatory/new_trajectory_closedloop/shards/shard_01_outcomes.csv,native=shard_01_outcomes.csv:line_4; K5=shard_01_outcomes.csv:line_3,@DATA@/wam_factor_routing_v5/joint_idm_compute_confirmatory_v1_20260909/joint_new_trajectory_confirmatory/new_trajectory_closedloop/trajectories/JNT__task5__demo000418__TRANSPORT__native__policy_calls.json,0ee7591e883ed10c8d869a4d89d7f19fbbfba50faa75dc8fcc09fda114c33b3a,@DATA@/wam_factor_routing_v5/joint_idm_compute_confirmatory_v1_20260909/joint_new_trajectory_confirmatory/new_trajectory_closedloop/trajectories/JNT__task5__demo000418__TRANSPORT__K5__policy_calls.json,18f124846c0c85973defc89c60cca511bbe74231aace3bf91ca3f8b265ec17b2
JNT__task5__demo000420__TRANSPORT,5,4.48485067486763,3.310930892825126,0.26175225601622776,True,True,True,True,7,7,a7aa50f85c987a7676455332254505f390a8c15a20bd364f4bf147b6b6a0cc96,f38fc93c173ee0e382fe1a8b25bd9775132dc9e3ec4431ff97926b768f608bbb,@DATA@/wam_factor_routing_v5/joint_idm_compute_confirmatory_v1_20260909/joint_new_trajectory_confirmatory/new_trajectory_closedloop/shards/shard_01_outcomes.csv | @DATA@/wam_factor_routing_v5/joint_idm_compute_confirmatory_v1_20260909/joint_new_trajectory_confirmatory/new_trajectory_closedloop/shards/shard_01_outcomes.csv,native=shard_01_outcomes.csv:line_6; K5=shard_01_outcomes.csv:line_5,@DATA@/wam_factor_routing_v5/joint_idm_compute_confirmatory_v1_20260909/joint_new_trajectory_confirmatory/new_trajectory_closedloop/trajectories/JNT__task5__demo000420__TRANSPORT__native__policy_calls.json,9e82e25e0247620e2d396bdc16d256b19bc00c1ce2116996a7d9f9f94493993c,@DATA@/wam_factor_routing_v5/joint_idm_compute_confirmatory_v1_20260909/joint_new_trajectory_confirmatory/new_trajectory_closedloop/trajectories/JNT__task5__demo000420__TRANSPORT__K5__policy_calls.json,cb7ce76a509d2de7e8094d51189a7a1ffeb2809f4ba1c271bcd0529970c47c0e
JNT__task5__demo000423__TRANSPORT,5,4.907930113375187,2.9075284749269485,0.407585599680139,True,True,True,True,7,6,685f5470e073f971b8af12ef4385754c714c2335964062702e04bba99c598ffa,a9e0d92817df23d2aa4c159619047027871057e6a7b0c346e7aaf2771ea7621f,@DATA@/wam_factor_routing_v5/joint_idm_compute_confirmatory_v1_20260909/joint_new_trajectory_confirmatory/new_trajectory_closedloop/shards/shard_00_outcomes.csv | @DATA@/wam_factor_routing_v5/joint_idm_compute_confirmatory_v1_20260909/joint_new_trajectory_confirmatory/new_trajectory_closedloop/shards/shard_00_outcomes.csv,native=shard_00_outcomes.csv:line_2; K5=shard_00_outcomes.csv:line_4,@DATA@/wam_factor_routing_v5/joint_idm_compute_confirmatory_v1_20260909/joint_new_trajectory_confirmatory/new_trajectory_closedloop/trajectories/JNT__task5__demo000423__TRANSPORT__native__policy_calls.json,38afdf902e0ede02d8f62c4712d015cc46552f4cd328f766c2839d6f5488b21d,@DATA@/wam_factor_routing_v5/joint_idm_compute_confirmatory_v1_20260909/joint_new_trajectory_confirmatory/new_trajectory_closedloop/trajectories/JNT__task5__demo000423__TRANSPORT__K5__policy_calls.json,54c7067a4da669ad279c9b04d4e94a8c017dc1a83da872f9d5e29ec0c29ecbc9
JNT__task5__demo000424__TRANSPORT,5,5.010096799582243,3.439029686152935,0.3135801914167224,True,True,True,True,7,7,6b793a52db9e3c17bf544ff5b6d110d24e89b61ce81477b4c8383209c5084370,1f5582e2a5b02312cc266f5c918e4012fb1b69854e5cfb03a3a8f0ff1d53c4b2,@DATA@/wam_factor_routing_v5/joint_idm_compute_confirmatory_v1_20260909/joint_new_trajectory_confirmatory/new_trajectory_closedloop/shards/shard_03_outcomes.csv | @DATA@/wam_factor_routing_v5/joint_idm_compute_confirmatory_v1_20260909/joint_new_trajectory_confirmatory/new_trajectory_closedloop/shards/shard_03_outcomes.csv,native=shard_03_outcomes.csv:line_2; K5=shard_03_outcomes.csv:line_4,@DATA@/wam_factor_routing_v5/joint_idm_compute_confirmatory_v1_20260909/joint_new_trajectory_confirmatory/new_trajectory_closedloop/trajectories/JNT__task5__demo000424__TRANSPORT__native__policy_calls.json,829a0edc20f4990abd4f74780d006801f52af0b12edf0534882a1cbdde8fe649,@DATA@/wam_factor_routing_v5/joint_idm_compute_confirmatory_v1_20260909/joint_new_trajectory_confirmatory/new_trajectory_closedloop/trajectories/JNT__task5__demo000424__TRANSPORT__K5__policy_calls.json,076945741f8b947b71d234c6e5981985608ef5e0b5d54c7f0b1ec789f4fbde6a
JNT__task5__demo000427__TRANSPORT,5,3.99335864931345,3.405881293118,0.1471135972964639,True,True,True,True,6,6,be351070eefa840c6877f53f53a9c096dd25f446002f99b466f55f12b4bf9b2e,5dbff99c97f5ecda2353673b9c099f5e70192dd3f8cbe05769edf747d65a9f6f,@DATA@/wam_factor_routing_v5/joint_idm_compute_confirmatory_v1_20260909/joint_new_trajectory_confirmatory/new_trajectory_closedloop/shards/shard_02_outcomes.csv | @DATA@/wam_factor_routing_v5/joint_idm_compute_confirmatory_v1_20260909/joint_new_trajectory_confirmatory/new_trajectory_closedloop/shards/shard_02_outcomes.csv,native=shard_02_outcomes.csv:line_3; K5=shard_02_outcomes.csv:line_2,@DATA@/wam_factor_routing_v5/joint_idm_compute_confirmatory_v1_20260909/joint_new_trajectory_confirmatory/new_trajectory_closedloop/trajectories/JNT__task5__demo000427__TRANSPORT__native__policy_calls.json,b8d3c7fd4c7f8136bea70db8a1fefcfc12cade24637dcb250652513f0c5dfa5a,@DATA@/wam_factor_routing_v5/joint_idm_compute_confirmatory_v1_20260909/joint_new_trajectory_confirmatory/new_trajectory_closedloop/trajectories/JNT__task5__demo000427__TRANSPORT__K5__policy_calls.json,f44c4546485f1918796495247e160028e785dcb61bce552bec06ea4cf414687b
JNT__task5__demo000428__TRANSPORT,5,4.42174518853426,3.433042827993632,0.2236000308440133,True,True,True,True,7,7,4d4370e76989b2475854b38bcec82198cd0681406bcdea47a977f935f2d0355d,30cbd8f63e76814a74b0c3c86ef1a428d1e634076ca0ad56a071c6ec20cfe78b,@DATA@/wam_factor_routing_v5/joint_idm_compute_confirmatory_v1_20260909/joint_new_trajectory_confirmatory/new_trajectory_closedloop/shards/shard_00_outcomes.csv | @DATA@/wam_factor_routing_v5/joint_idm_compute_confirmatory_v1_20260909/joint_new_trajectory_confirmatory/new_trajectory_closedloop/shards/shard_00_outcomes.csv,native=shard_00_outcomes.csv:line_7; K5=shard_00_outcomes.csv:line_6,@DATA@/wam_factor_routing_v5/joint_idm_compute_confirmatory_v1_20260909/joint_new_trajectory_confirmatory/new_trajectory_closedloop/trajectories/JNT__task5__demo000428__TRANSPORT__native__policy_calls.json,8c74865b55f8d62d13c968e7a7521bb5158ce0d344cb8ab070919d687decda5f,@DATA@/wam_factor_routing_v5/joint_idm_compute_confirmatory_v1_20260909/joint_new_trajectory_confirmatory/new_trajectory_closedloop/trajectories/JNT__task5__demo000428__TRANSPORT__K5__policy_calls.json,193a6702deca854dff2b3c14f709b955e95ef63dd8f4f0d4ffb8e4ef55e85073
JNT__task5__demo000429__TRANSPORT,5,4.647335406392813,3.092839453369379,0.33449187912821826,True,True,True,True,7,6,627f5a720a8b05ce41d2284478918049873818e2555eae1f00b859f208546180,2ab69fc8adbca31ac1d376c755d929bd62c8f25ad88065540b1fa6cdf06fb2d1,@DATA@/wam_factor_routing_v5/joint_idm_compute_confirmatory_v1_20260909/joint_new_trajectory_confirmatory/new_trajectory_closedloop/shards/shard_02_outcomes.csv | @DATA@/wam_factor_routing_v5/joint_idm_compute_confirmatory_v1_20260909/joint_new_trajectory_confirmatory/new_trajectory_closedloop/shards/shard_02_outcomes.csv,native=shard_02_outcomes.csv:line_5; K5=shard_02_outcomes.csv:line_7,@DATA@/wam_factor_routing_v5/joint_idm_compute_confirmatory_v1_20260909/joint_new_trajectory_confirmatory/new_trajectory_closedloop/trajectories/JNT__task5__demo000429__TRANSPORT__native__policy_calls.json,4fad3504e06f201b32ff0dff0fbb5b4fa570c6cc6f8d1923724041e45642c3ac,@DATA@/wam_factor_routing_v5/joint_idm_compute_confirmatory_v1_20260909/joint_new_trajectory_confirmatory/new_trajectory_closedloop/trajectories/JNT__task5__demo000429__TRANSPORT__K5__policy_calls.json,dbfeaee27e0b3e67c0c60747710984c24aa4aad088de1f048831bb8b5a6a19fe
JNT__task5__demo000430__TRANSPORT,5,4.009414929896593,3.0436898060142994,0.24086435072640405,True,True,True,True,6,6,b8c34dc46d32aa8032aeab2bd92e54c7753d63f2956f335459e5fb89f1c4c9b8,5b915c2b569ab3e1ce4b3d0bc4d31448e2f4078917db5b11faad21ab49026b2b,@DATA@/wam_factor_routing_v5/joint_idm_compute_confirmatory_v1_20260909/joint_new_trajectory_confirmatory/new_trajectory_closedloop/shards/shard_03_outcomes.csv | @DATA@/wam_factor_routing_v5/joint_idm_compute_confirmatory_v1_20260909/joint_new_trajectory_confirmatory/new_trajectory_closedloop/shards/shard_03_outcomes.csv,native=shard_03_outcomes.csv:line_7; K5=shard_03_outcomes.csv:line_6,@DATA@/wam_factor_routing_v5/joint_idm_compute_confirmatory_v1_20260909/joint_new_trajectory_confirmatory/new_trajectory_closedloop/trajectories/JNT__task5__demo000430__TRANSPORT__native__policy_calls.json,1876733d5df8f861fce9e378e180e7722ba4d06109729fb84219a00067292166,@DATA@/wam_factor_routing_v5/joint_idm_compute_confirmatory_v1_20260909/joint_new_trajectory_confirmatory/new_trajectory_closedloop/trajectories/JNT__task5__demo000430__TRANSPORT__K5__policy_calls.json,5aadef0d8f01e338906cfdd202668c8b7b8e3be14efc581dae6aee9b5acdc0c8
JNT__task5__demo000431__TRANSPORT,5,4.512394487857819,3.4073115698993206,0.2448994477171957,True,True,True,True,7,7,bf6d9790a8b4397fce729aab13abab8c6cd13163868c1da4e98619068c44ce04,97e1c217cd85efc29b2bf75b11ac2d2c7f0d2c77ce7f226486ee0c812a6d3734,@DATA@/wam_factor_routing_v5/joint_idm_compute_confirmatory_v1_20260909/joint_new_trajectory_confirmatory/new_trajectory_closedloop/shards/shard_00_outcomes.csv | @DATA@/wam_factor_routing_v5/joint_idm_compute_confirmatory_v1_20260909/joint_new_trajectory_confirmatory/new_trajectory_closedloop/shards/shard_00_outcomes.csv,native=shard_00_outcomes.csv:line_9; K5=shard_00_outcomes.csv:line_8,@DATA@/wam_factor_routing_v5/joint_idm_compute_confirmatory_v1_20260909/joint_new_trajectory_confirmatory/new_trajectory_closedloop/trajectories/JNT__task5__demo000431__TRANSPORT__native__policy_calls.json,aa3cedf45ae173e0d6f405144e28b072a5320b42a4ca12a63a164153cf4d0396,@DATA@/wam_factor_routing_v5/joint_idm_compute_confirmatory_v1_20260909/joint_new_trajectory_confirmatory/new_trajectory_closedloop/trajectories/JNT__task5__demo000431__TRANSPORT__K5__policy_calls.json,138ca9c6f0769bcdb315ff91286ef5f3e136cdeb21a6f600be02d67284d1e3e9
JNT__task5__demo000434__TRANSPORT,5,4.438736073672772,3.3570343293249607,0.24369589144163106,True,True,True,True,7,7,1a7d2239f98a0aabbb2365c13a6a3645d988f5da61e91fb202d2439d1666278a,f1ac816cb9a1b7c525b8326a4c6160afc82a7ec4df3145bb8b0d4ade68bcb397,@DATA@/wam_factor_routing_v5/joint_idm_compute_confirmatory_v1_20260909/joint_new_trajectory_confirmatory/new_trajectory_closedloop/shards/shard_01_outcomes.csv | @DATA@/wam_factor_routing_v5/joint_idm_compute_confirmatory_v1_20260909/joint_new_trajectory_confirmatory/new_trajectory_closedloop/shards/shard_01_outcomes.csv,native=shard_01_outcomes.csv:line_8; K5=shard_01_outcomes.csv:line_10,@DATA@/wam_factor_routing_v5/joint_idm_compute_confirmatory_v1_20260909/joint_new_trajectory_confirmatory/new_trajectory_closedloop/trajectories/JNT__task5__demo000434__TRANSPORT__native__policy_calls.json,841e3aa627fcf67607461d11c568f3346a91f17218e0b2596cf779a087d550e8,@DATA@/wam_factor_routing_v5/joint_idm_compute_confirmatory_v1_20260909/joint_new_trajectory_confirmatory/new_trajectory_closedloop/trajectories/JNT__task5__demo000434__TRANSPORT__K5__policy_calls.json,0109d4fbfe1f2e30d51a22e38f4449cef6d47b69837e27d8ee39a179fd15df67
JNT__task6__demo000100__TRANSPORT,6,5.7538903802633286,4.302713260054588,0.25220798873514977,True,True,True,True,9,9,5ad64c4dfa6dd612349ec558710df4602de51a83119e9ae94b8d767359d54e86,83e87a49661322aebea3c3ce08005504c740fac9ba45f09d1bb6bdb2ddd678ec,@DATA@/wam_factor_routing_v5/joint_idm_compute_confirmatory_v1_20260909/joint_new_trajectory_confirmatory/new_trajectory_closedloop/shards/shard_01_outcomes.csv | @DATA@/wam_factor_routing_v5/joint_idm_compute_confirmatory_v1_20260909/joint_new_trajectory_confirmatory/new_trajectory_closedloop/shards/shard_01_outcomes.csv,native=shard_01_outcomes.csv:line_15; K5=shard_01_outcomes.csv:line_14,@DATA@/wam_factor_routing_v5/joint_idm_compute_confirmatory_v1_20260909/joint_new_trajectory_confirmatory/new_trajectory_closedloop/trajectories/JNT__task6__demo000100__TRANSPORT__native__policy_calls.json,fc11f76d2d6a066f9c3bea4d2cb5a1ebaa24dba08c663f265556e7ccac33e624,@DATA@/wam_factor_routing_v5/joint_idm_compute_confirmatory_v1_20260909/joint_new_trajectory_confirmatory/new_trajectory_closedloop/trajectories/JNT__task6__demo000100__TRANSPORT__K5__policy_calls.json,203bacc17e5df5bdfdfc3e6b8b58956fa39e5dc43a27f7afcc2ca013c72d24d2
JNT__task6__demo000101__TRANSPORT,6,5.964123524725437,5.066352754831314,0.15052853385283507,True,True,True,True,9,10,42f8211f48b3ccdd91ffce9d47f040bf7b619cbff9454083301d6e2760b1c8cb,8f2b3b1de09f7038e60ebfce104c3e0fd60d7228e8bfabf22d2f730f8d8b33e0,@DATA@/wam_factor_routing_v5/joint_idm_compute_confirmatory_v1_20260909/joint_new_trajectory_confirmatory/new_trajectory_closedloop/shards/shard_02_outcomes.csv | @DATA@/wam_factor_routing_v5/joint_idm_compute_confirmatory_v1_20260909/joint_new_trajectory_confirmatory/new_trajectory_closedloop/shards/shard_02_outcomes.csv,native=shard_02_outcomes.csv:line_10; K5=shard_02_outcomes.csv:line_9,@DATA@/wam_factor_routing_v5/joint_idm_compute_confirmatory_v1_20260909/joint_new_trajectory_confirmatory/new_trajectory_closedloop/trajectories/JNT__task6__demo000101__TRANSPORT__native__policy_calls.json,9bd47f800bca288ce4f9f279179b80ef4d11391f9853ce7befbe92314712e0c2,@DATA@/wam_factor_routing_v5/joint_idm_compute_confirmatory_v1_20260909/joint_new_trajectory_confirmatory/new_trajectory_closedloop/trajectories/JNT__task6__demo000101__TRANSPORT__K5__policy_calls.json,1a58d314962c4fddb6c231b0b1f31f923afec5ef7802ce247e82bfd08115a962
JNT__task6__demo000102__TRANSPORT,6,8.648872882127762,6.521977432072163,0.24591591055184392,True,True,True,True,13,13,1685e57f4d0de4a9e98e5a51f93db0fee6b9d60189ad528a1e2b8f9dd1eff1f2,248e0281fbdec0d93a0f5b03fc420582d021049024bc78f669096c5fd8f9a3da,@DATA@/wam_factor_routing_v5/joint_idm_compute_confirmatory_v1_20260909/joint_new_trajectory_confirmatory/new_trajectory_closedloop/shards/shard_03_outcomes.csv | @DATA@/wam_factor_routing_v5/joint_idm_compute_confirmatory_v1_20260909/joint_new_trajectory_confirmatory/new_trajectory_closedloop/shards/shard_03_outcomes.csv,native=shard_03_outcomes.csv:line_9; K5=shard_03_outcomes.csv:line_8,@DATA@/wam_factor_routing_v5/joint_idm_compute_confirmatory_v1_20260909/joint_new_trajectory_confirmatory/new_trajectory_closedloop/trajectories/JNT__task6__demo000102__TRANSPORT__native__policy_calls.json,83b40b194cc2e46894730ff96549df6e03756943c2e6e196bba89bbeceb66aca,@DATA@/wam_factor_routing_v5/joint_idm_compute_confirmatory_v1_20260909/joint_new_trajectory_confirmatory/new_trajectory_closedloop/trajectories/JNT__task6__demo000102__TRANSPORT__K5__policy_calls.json,af235d2068b434c2010a5851fa0a295d0bf5f272209283cc01df1ab3953ca93a
JNT__task6__demo000103__TRANSPORT,6,5.084359351545572,3.875956524163485,0.2376706176393197,True,True,True,True,8,8,738b7a0fe6f899f676ce905fcd12f22abbc2ac3f3a4ca61bdce42046497cda2c,08c10751714e8b480f5129f2c421d915b0855c6038584d359dfcc19955589e89,@DATA@/wam_factor_routing_v5/joint_idm_compute_confirmatory_v1_20260909/joint_new_trajectory_confirmatory/new_trajectory_closedloop/shards/shard_00_outcomes.csv | @DATA@/wam_factor_routing_v5/joint_idm_compute_confirmatory_v1_20260909/joint_new_trajectory_confirmatory/new_trajectory_closedloop/shards/shard_00_outcomes.csv,native=shard_00_outcomes.csv:line_11; K5=shard_00_outcomes.csv:line_13,@DATA@/wam_factor_routing_v5/joint_idm_compute_confirmatory_v1_20260909/joint_new_trajectory_confirmatory/new_trajectory_closedloop/trajectories/JNT__task6__demo000103__TRANSPORT__native__policy_calls.json,9036ecd1a34043f39335a8d324f3592aa42a4cf25546eb63057c6a6b906497b3,@DATA@/wam_factor_routing_v5/joint_idm_compute_confirmatory_v1_20260909/joint_new_trajectory_confirmatory/new_trajectory_closedloop/trajectories/JNT__task6__demo000103__TRANSPORT__K5__policy_calls.json,e2039e44897acedfcf46803c62d1c64e4437cc7ef983639cdb37aa4a6ed3fd57
JNT__task6__demo000104__TRANSPORT,6,5.660003211349249,4.266500253230333,0.24620179637437486,True,True,True,True,9,9,d7d7d779d4d9ddb1a0b3fc62dc7c40c115f8e05fc21da6ceaf72d3dcafe5e463,5b1911db82f2030550b1b41c30ef2822e7785fb9bbca036a926168e60e65aa71,@DATA@/wam_factor_routing_v5/joint_idm_compute_confirmatory_v1_20260909/joint_new_trajectory_confirmatory/new_trajectory_closedloop/shards/shard_01_outcomes.csv | @DATA@/wam_factor_routing_v5/joint_idm_compute_confirmatory_v1_20260909/joint_new_trajectory_confirmatory/new_trajectory_closedloop/shards/shard_01_outcomes.csv,native=shard_01_outcomes.csv:line_13; K5=shard_01_outcomes.csv:line_12,@DATA@/wam_factor_routing_v5/joint_idm_compute_confirmatory_v1_20260909/joint_new_trajectory_confirmatory/new_trajectory_closedloop/trajectories/JNT__task6__demo000104__TRANSPORT__native__policy_calls.json,21dde48304ba17f483b52d05805aef374f4d5a05a5652823981328e8b29aee44,@DATA@/wam_factor_routing_v5/joint_idm_compute_confirmatory_v1_20260909/joint_new_trajectory_confirmatory/new_trajectory_closedloop/trajectories/JNT__task6__demo000104__TRANSPORT__K5__policy_calls.json,1d61c351a18136949d2e93cbd491bce449ce270c43f1d0de0eea07a8261758bc
JNT__task6__demo000106__TRANSPORT,6,13.057081673294306,6.964512921869755,0.46661029653247116,True,True,True,True,20,14,7ec0ff4b9430407c24fb5cbaf6d9161ed1393cf7e406f306640c2cfb7e24b9bd,cfb1af80548d5416b104ea445cc8e8e7500302dfa93c4deca46838e808e0660e,@DATA@/wam_factor_routing_v5/joint_idm_compute_confirmatory_v1_20260909/joint_new_trajectory_confirmatory/new_trajectory_closedloop/shards/shard_03_outcomes.csv | @DATA@/wam_factor_routing_v5/joint_idm_compute_confirmatory_v1_20260909/joint_new_trajectory_confirmatory/new_trajectory_closedloop/shards/shard_03_outcomes.csv,native=shard_03_outcomes.csv:line_11; K5=shard_03_outcomes.csv:line_13,@DATA@/wam_factor_routing_v5/joint_idm_compute_confirmatory_v1_20260909/joint_new_trajectory_confirmatory/new_trajectory_closedloop/trajectories/JNT__task6__demo000106__TRANSPORT__native__policy_calls.json,dbe0b52f3dd309e7df86797a557a72e5fd7ad3f4cb06457cad9c27cb060d7fb8,@DATA@/wam_factor_routing_v5/joint_idm_compute_confirmatory_v1_20260909/joint_new_trajectory_confirmatory/new_trajectory_closedloop/trajectories/JNT__task6__demo000106__TRANSPORT__K5__policy_calls.json,8f4e653bba43e9ec0f0978a26cb4de3b4625c726724badea724d9bb55aad814b
JNT__task6__demo000107__TRANSPORT,6,5.353868193924427,4.10290127247572,0.233656652748438,True,True,True,True,8,8,41e6331a01f9ea739377e9a78f61a24cf4ba2d1e62c05500f2d1146d9690672d,007eac600de36864bc4377673d7acd9fc00fcb6d7e8688475ec970c4bd5553b3,@DATA@/wam_factor_routing_v5/joint_idm_compute_confirmatory_v1_20260909/joint_new_trajectory_confirmatory/new_trajectory_closedloop/shards/shard_02_outcomes.csv | @DATA@/wam_factor_routing_v5/joint_idm_compute_confirmatory_v1_20260909/joint_new_trajectory_confirmatory/new_trajectory_closedloop/shards/shard_02_outcomes.csv,native=shard_02_outcomes.csv:line_12; K5=shard_02_outcomes.csv:line_11,@DATA@/wam_factor_routing_v5/joint_idm_compute_confirmatory_v1_20260909/joint_new_trajectory_confirmatory/new_trajectory_closedloop/trajectories/JNT__task6__demo000107__TRANSPORT__native__policy_calls.json,35a084cb75f0f915ff82d6ebbecf628fcec974484fd0d8738d5fadfb43016a08,@DATA@/wam_factor_routing_v5/joint_idm_compute_confirmatory_v1_20260909/joint_new_trajectory_confirmatory/new_trajectory_closedloop/trajectories/JNT__task6__demo000107__TRANSPORT__K5__policy_calls.json,2bf7792e5bc157bdfcb04c9581eb657f952101e8f5bc7443c56288ef72a8c506
JNT__task6__demo000109__TRANSPORT,6,5.750781465321779,3.9039504788815975,0.32114435187233187,True,True,True,True,9,8,dad4e654d6ba9336d802073cb41d38c25c72a0df0bc907f6279c750d8ec81eeb,5940d286a2393e391d06ee9fe603878ec46162f76a7cebe3ef243a00b7294adb,@DATA@/wam_factor_routing_v5/joint_idm_compute_confirmatory_v1_20260909/joint_new_trajectory_confirmatory/new_trajectory_closedloop/shards/shard_00_outcomes.csv | @DATA@/wam_factor_routing_v5/joint_idm_compute_confirmatory_v1_20260909/joint_new_trajectory_confirmatory/new_trajectory_closedloop/shards/shard_00_outcomes.csv,native=shard_00_outcomes.csv:line_16; K5=shard_00_outcomes.csv:line_15,@DATA@/wam_factor_routing_v5/joint_idm_compute_confirmatory_v1_20260909/joint_new_trajectory_confirmatory/new_trajectory_closedloop/trajectories/JNT__task6__demo000109__TRANSPORT__native__policy_calls.json,252936ca4f765faefd48a87c1c2c2f24b4b02d2df635ff615073c0fbb5488af0,@DATA@/wam_factor_routing_v5/joint_idm_compute_confirmatory_v1_20260909/joint_new_trajectory_confirmatory/new_trajectory_closedloop/trajectories/JNT__task6__demo000109__TRANSPORT__K5__policy_calls.json,39747b3ac968ad93e3b8b20c255402a6aa02f478a248b1c3882cc70a147992ee
JNT__task6__demo000110__TRANSPORT,6,5.395047266036272,4.212370924651623,0.21921519554240324,True,True,True,True,8,8,017932c0f4d13adac47d777ec13f335b8cbb5410936fb38d8bcd90770b741a46,59036df1ff070c1081d9ab8b73621c4be46fcda54146fbdeefe334e0b22f011b,@DATA@/wam_factor_routing_v5/joint_idm_compute_confirmatory_v1_20260909/joint_new_trajectory_confirmatory/new_trajectory_closedloop/shards/shard_02_outcomes.csv | @DATA@/wam_factor_routing_v5/joint_idm_compute_confirmatory_v1_20260909/joint_new_trajectory_confirmatory/new_trajectory_closedloop/shards/shard_02_outcomes.csv,native=shard_02_outcomes.csv:line_14; K5=shard_02_outcomes.csv:line_16,@DATA@/wam_factor_routing_v5/joint_idm_compute_confirmatory_v1_20260909/joint_new_trajectory_confirmatory/new_trajectory_closedloop/trajectories/JNT__task6__demo000110__TRANSPORT__native__policy_calls.json,b14c15bfd12305a95c64ab9f991110ff6e2bfa9dcb8dcf1731b02e7cf2403c4a,@DATA@/wam_factor_routing_v5/joint_idm_compute_confirmatory_v1_20260909/joint_new_trajectory_confirmatory/new_trajectory_closedloop/trajectories/JNT__task6__demo000110__TRANSPORT__K5__policy_calls.json,47f1ab9be74648518c0c4bfb94963c77dd77d1b85dc32f41edb35b95e04504a0
JNT__task6__demo000112__TRANSPORT,6,5.897678267210722,4.46643403917551,0.24267926515973065,True,True,True,True,9,9,5654bc897e279c9aab2fe4286fcd2f984aa6c4d02f3f8db2c56a823291763fe0,20528db03ecc1797a7eb3c5b7019ab7b33776aff22181f32b30584b90af1c537,@DATA@/wam_factor_routing_v5/joint_idm_compute_confirmatory_v1_20260909/joint_new_trajectory_confirmatory/new_trajectory_closedloop/shards/shard_03_outcomes.csv | @DATA@/wam_factor_routing_v5/joint_idm_compute_confirmatory_v1_20260909/joint_new_trajectory_confirmatory/new_trajectory_closedloop/shards/shard_03_outcomes.csv,native=shard_03_outcomes.csv:line_16; K5=shard_03_outcomes.csv:line_15,@DATA@/wam_factor_routing_v5/joint_idm_compute_confirmatory_v1_20260909/joint_new_trajectory_confirmatory/new_trajectory_closedloop/trajectories/JNT__task6__demo000112__TRANSPORT__native__policy_calls.json,6d5a9dee654acbd5659ff12d5bad02e81d7edc8ea4882bd8380f4b10e57bb332,@DATA@/wam_factor_routing_v5/joint_idm_compute_confirmatory_v1_20260909/joint_new_trajectory_confirmatory/new_trajectory_closedloop/trajectories/JNT__task6__demo000112__TRANSPORT__K5__policy_calls.json,ebc361da89901605eafcbb8686a310b6e90fbbc4714d4d8bb1c145dcff0aa46f
JNT__task7__demo000277__TRANSPORT,7,5.184935096651316,4.031136691570282,0.22252899671323043,True,True,True,True,8,8,07dd2121048994170ceeb49c3aa3917fcc39cd5673a9b819aae70a74c40ba51b,86b449df3c77fc4b7bca2f12622c05a48505327c87f255e0eef55613c32c391b,@DATA@/wam_factor_routing_v5/joint_idm_compute_confirmatory_v1_20260909/joint_new_trajectory_confirmatory/new_trajectory_closedloop/shards/shard_03_outcomes.csv | @DATA@/wam_factor_routing_v5/joint_idm_compute_confirmatory_v1_20260909/joint_new_trajectory_confirmatory/new_trajectory_closedloop/shards/shard_03_outcomes.csv,native=shard_03_outcomes.csv:line_18; K5=shard_03_outcomes.csv:line_17,@DATA@/wam_factor_routing_v5/joint_idm_compute_confirmatory_v1_20260909/joint_new_trajectory_confirmatory/new_trajectory_closedloop/trajectories/JNT__task7__demo000277__TRANSPORT__native__policy_calls.json,a7d3add4dc3940ab1398a9dcc9fc441cf1b00825a02b54626de7c17e883e6683,@DATA@/wam_factor_routing_v5/joint_idm_compute_confirmatory_v1_20260909/joint_new_trajectory_confirmatory/new_trajectory_closedloop/trajectories/JNT__task7__demo000277__TRANSPORT__K5__policy_calls.json,226aaadfa909699cfdd93108de0803a1d11276581c987a25c93d800ec8002b8d
JNT__task7__demo000285__TRANSPORT,7,5.178173989057541,3.9990488812327385,0.22771060036153987,True,True,True,True,8,8,02b2a47fd92948700ec641a9f62466931482cb94ca19f7751fc7bbab236a0dbf,62cdc26de3cb0b26c4fc4912068090289956f1214efa058cddd0f3ac6fc176bc,@DATA@/wam_factor_routing_v5/joint_idm_compute_confirmatory_v1_20260909/joint_new_trajectory_confirmatory/new_trajectory_closedloop/shards/shard_00_outcomes.csv | @DATA@/wam_factor_routing_v5/joint_idm_compute_confirmatory_v1_20260909/joint_new_trajectory_confirmatory/new_trajectory_closedloop/shards/shard_00_outcomes.csv,native=shard_00_outcomes.csv:line_18; K5=shard_00_outcomes.csv:line_17,@DATA@/wam_factor_routing_v5/joint_idm_compute_confirmatory_v1_20260909/joint_new_trajectory_confirmatory/new_trajectory_closedloop/trajectories/JNT__task7__demo000285__TRANSPORT__native__policy_calls.json,77783febe930095eb832cd291677ef7c38a49646e9a5c983482d7ca79a856b19,@DATA@/wam_factor_routing_v5/joint_idm_compute_confirmatory_v1_20260909/joint_new_trajectory_confirmatory/new_trajectory_closedloop/trajectories/JNT__task7__demo000285__TRANSPORT__K5__policy_calls.json,8ee7db48934a47fe81e2f1bd81a176e96de6b2dfc5cb83fef7bd81721faad3e3
JNT__task7__demo000286__TRANSPORT,7,4.995319847017527,3.8373540602624416,0.2318101387334492,True,True,True,True,8,8,2dc9760e9fde7c67980a326aec6df3bce2522c0ed827bdaa4188510ef54a78a6,4c6c45ed91c7d3b29cf393655a027fe353a13ea848d15ce8adf6c6f97373b8b0,@DATA@/wam_factor_routing_v5/joint_idm_compute_confirmatory_v1_20260909/joint_new_trajectory_confirmatory/new_trajectory_closedloop/shards/shard_01_outcomes.csv | @DATA@/wam_factor_routing_v5/joint_idm_compute_confirmatory_v1_20260909/joint_new_trajectory_confirmatory/new_trajectory_closedloop/shards/shard_01_outcomes.csv,native=shard_01_outcomes.csv:line_17; K5=shard_01_outcomes.csv:line_19,@DATA@/wam_factor_routing_v5/joint_idm_compute_confirmatory_v1_20260909/joint_new_trajectory_confirmatory/new_trajectory_closedloop/trajectories/JNT__task7__demo000286__TRANSPORT__native__policy_calls.json,0dcad0968ad6e623a1b5621b8e0e1911f2bae87126fbc249039b25a5d2a283c9,@DATA@/wam_factor_routing_v5/joint_idm_compute_confirmatory_v1_20260909/joint_new_trajectory_confirmatory/new_trajectory_closedloop/trajectories/JNT__task7__demo000286__TRANSPORT__K5__policy_calls.json,cee9ad839027e38ccc0eb3b233bb0bd9b02574519a3cc7d01365776ce97eaeb1
JNT__task7__demo000287__TRANSPORT,7,4.657738514244556,3.5955867394804955,0.2280402327257593,True,True,True,True,7,7,97e24fb2c62b1783d6c7eda0af78552c9bd09142ebbff68587ca75ed0dba8139,a6d9d70c579b5994363de506664b1a0c3ea7ec2f42938622152c75507aed5e8d,@DATA@/wam_factor_routing_v5/joint_idm_compute_confirmatory_v1_20260909/joint_new_trajectory_confirmatory/new_trajectory_closedloop/shards/shard_02_outcomes.csv | @DATA@/wam_factor_routing_v5/joint_idm_compute_confirmatory_v1_20260909/joint_new_trajectory_confirmatory/new_trajectory_closedloop/shards/shard_02_outcomes.csv,native=shard_02_outcomes.csv:line_19; K5=shard_02_outcomes.csv:line_18,@DATA@/wam_factor_routing_v5/joint_idm_compute_confirmatory_v1_20260909/joint_new_trajectory_confirmatory/new_trajectory_closedloop/trajectories/JNT__task7__demo000287__TRANSPORT__native__policy_calls.json,d0fadd1d259502425c919a3cb8dc08281dead966683da41b6cb120e0aca70ac4,@DATA@/wam_factor_routing_v5/joint_idm_compute_confirmatory_v1_20260909/joint_new_trajectory_confirmatory/new_trajectory_closedloop/trajectories/JNT__task7__demo000287__TRANSPORT__K5__policy_calls.json,72a72bb8fff6748560dc41c11d88c63cd6d9ac6c7351373e4b6358501ef6d9e9
JNT__task7__demo000288__TRANSPORT,7,5.116255562752485,3.948163289576769,0.22830999328487345,True,True,True,True,8,8,580967a59774961bcb67077b71ecb8ea18bda4a6e2e75da81d4daffdd72a7e6a,c8f56c24e442d9c2235232e11d3be5021c18cc3ca3db87b49aa13b2351cdb329,@DATA@/wam_factor_routing_v5/joint_idm_compute_confirmatory_v1_20260909/joint_new_trajectory_confirmatory/new_trajectory_closedloop/shards/shard_00_outcomes.csv | @DATA@/wam_factor_routing_v5/joint_idm_compute_confirmatory_v1_20260909/joint_new_trajectory_confirmatory/new_trajectory_closedloop/shards/shard_00_outcomes.csv,native=shard_00_outcomes.csv:line_20; K5=shard_00_outcomes.csv:line_22,@DATA@/wam_factor_routing_v5/joint_idm_compute_confirmatory_v1_20260909/joint_new_trajectory_confirmatory/new_trajectory_closedloop/trajectories/JNT__task7__demo000288__TRANSPORT__native__policy_calls.json,0d6d86d423d492da3f31825f7a054c556176c4d869fef458e449d414914ca2e3,@DATA@/wam_factor_routing_v5/joint_idm_compute_confirmatory_v1_20260909/joint_new_trajectory_confirmatory/new_trajectory_closedloop/trajectories/JNT__task7__demo000288__TRANSPORT__K5__policy_calls.json,b694eb1fc80341868abc506634621d8be8251922929aa23f703ca011521436fe
JNT__task7__demo000290__TRANSPORT,7,4.444243803620338,3.5324833542108536,0.20515536268886803,True,True,True,True,7,7,78aa4845464bfab22c9432818c4b26aa04a90715fb2da21fd05d68fba77f5415,e4a6b04ac2811d689a091eaf7630abe7376c390d7d365b7362d9e042722f507f,@DATA@/wam_factor_routing_v5/joint_idm_compute_confirmatory_v1_20260909/joint_new_trajectory_confirmatory/new_trajectory_closedloop/shards/shard_01_outcomes.csv | @DATA@/wam_factor_routing_v5/joint_idm_compute_confirmatory_v1_20260909/joint_new_trajectory_confirmatory/new_trajectory_closedloop/shards/shard_01_outcomes.csv,native=shard_01_outcomes.csv:line_22; K5=shard_01_outcomes.csv:line_21,@DATA@/wam_factor_routing_v5/joint_idm_compute_confirmatory_v1_20260909/joint_new_trajectory_confirmatory/new_trajectory_closedloop/trajectories/JNT__task7__demo000290__TRANSPORT__native__policy_calls.json,4dcf3f8757a54c44821ebdbf20a701f88ad7e8e00a283173e16015176fd07910,@DATA@/wam_factor_routing_v5/joint_idm_compute_confirmatory_v1_20260909/joint_new_trajectory_confirmatory/new_trajectory_closedloop/trajectories/JNT__task7__demo000290__TRANSPORT__K5__policy_calls.json,0e62757ca2a39bc22167ae68aa7f765f961244ad5c555569c859a9125141f0f3
JNT__task7__demo000291__TRANSPORT,7,4.4062333554029465,3.3543026112020016,0.23873695724967944,True,True,True,True,7,7,c27f1e088a42b5cfd24e8058a5e92493f52cc3aa467468aea5b91cf1b58f2fea,f1605284a6a5d34bb6942b53393e10a170f7c6ee2234a7820200af226dca03ff,@DATA@/wam_factor_routing_v5/joint_idm_compute_confirmatory_v1_20260909/joint_new_trajectory_confirmatory/new_trajectory_closedloop/shards/shard_01_outcomes.csv | @DATA@/wam_factor_routing_v5/joint_idm_compute_confirmatory_v1_20260909/joint_new_trajectory_confirmatory/new_trajectory_closedloop/shards/shard_01_outcomes.csv,native=shard_01_outcomes.csv:line_24; K5=shard_01_outcomes.csv:line_23,@DATA@/wam_factor_routing_v5/joint_idm_compute_confirmatory_v1_20260909/joint_new_trajectory_confirmatory/new_trajectory_closedloop/trajectories/JNT__task7__demo000291__TRANSPORT__native__policy_calls.json,56447384e586c1d47e30ceb2f490bc19aacdacd69f6636b613ce3e5ddfb0de9d,@DATA@/wam_factor_routing_v5/joint_idm_compute_confirmatory_v1_20260909/joint_new_trajectory_confirmatory/new_trajectory_closedloop/trajectories/JNT__task7__demo000291__TRANSPORT__K5__policy_calls.json,c53df04982fd482635d8892c2d5708684889b528c64b4160dc965de6027d5634
JNT__task7__demo000292__TRANSPORT,7,5.14263816177845,3.936156962066889,0.23460355594886545,True,True,True,True,8,8,8cbe917e3b8ad74d7221f6c3be41232f47bc40ae4728ae28e96b6cc6980258a0,16f8e707fa689667e94de65f51758aafabf86b2bb9da9ee2227074539407a8d1,@DATA@/wam_factor_routing_v5/joint_idm_compute_confirmatory_v1_20260909/joint_new_trajectory_confirmatory/new_trajectory_closedloop/shards/shard_00_outcomes.csv | @DATA@/wam_factor_routing_v5/joint_idm_compute_confirmatory_v1_20260909/joint_new_trajectory_confirmatory/new_trajectory_closedloop/shards/shard_00_outcomes.csv,native=shard_00_outcomes.csv:line_25; K5=shard_00_outcomes.csv:line_24,@DATA@/wam_factor_routing_v5/joint_idm_compute_confirmatory_v1_20260909/joint_new_trajectory_confirmatory/new_trajectory_closedloop/trajectories/JNT__task7__demo000292__TRANSPORT__native__policy_calls.json,c95956ed269beee89524564e6dc6adff6771200df07a18dfd59f1d269f7bf8a1,@DATA@/wam_factor_routing_v5/joint_idm_compute_confirmatory_v1_20260909/joint_new_trajectory_confirmatory/new_trajectory_closedloop/trajectories/JNT__task7__demo000292__TRANSPORT__K5__policy_calls.json,6d04587aa87d20e75d32f2a946e9455669422d4acd985ace5de6c60f7be1ce57
JNT__task7__demo000294__TRANSPORT,7,4.5851260386407375,3.977682538330555,0.1324813091703493,True,True,True,True,7,8,798be539ea4d2a8b185a88336cb7f53ed78cd2e3f70ea3bab8804597fd40279c,d55e8423dc355fba9341c00e87f8667ed9ae57c5f8f8a538a2f19ae2cc79dbf4,@DATA@/wam_factor_routing_v5/joint_idm_compute_confirmatory_v1_20260909/joint_new_trajectory_confirmatory/new_trajectory_closedloop/shards/shard_03_outcomes.csv | @DATA@/wam_factor_routing_v5/joint_idm_compute_confirmatory_v1_20260909/joint_new_trajectory_confirmatory/new_trajectory_closedloop/shards/shard_03_outcomes.csv,native=shard_03_outcomes.csv:line_20; K5=shard_03_outcomes.csv:line_22,@DATA@/wam_factor_routing_v5/joint_idm_compute_confirmatory_v1_20260909/joint_new_trajectory_confirmatory/new_trajectory_closedloop/trajectories/JNT__task7__demo000294__TRANSPORT__native__policy_calls.json,9ec4408e040c439c633a066c3ba5cf6c91e823d0359b999bb608f5d7deb6e13e,@DATA@/wam_factor_routing_v5/joint_idm_compute_confirmatory_v1_20260909/joint_new_trajectory_confirmatory/new_trajectory_closedloop/trajectories/JNT__task7__demo000294__TRANSPORT__K5__policy_calls.json,d524fe19bdfc80e58c245499dcba2daa4037a0beeb61d5177ee89ff78933b759
JNT__task7__demo000296__TRANSPORT,7,6.027906980365515,4.661758411675692,0.22663730099680202,True,True,True,True,9,9,b12ccdd5d48b1fb44229af2aaad85519dc1a2dc9b91b27df3f86fe72fdf4647e,3e8a123cfe6568001fadecb876aadc6729511c580fc1fb89f1d0fc5201ac4bbe,@DATA@/wam_factor_routing_v5/joint_idm_compute_confirmatory_v1_20260909/joint_new_trajectory_confirmatory/new_trajectory_closedloop/shards/shard_02_outcomes.csv | @DATA@/wam_factor_routing_v5/joint_idm_compute_confirmatory_v1_20260909/joint_new_trajectory_confirmatory/new_trajectory_closedloop/shards/shard_02_outcomes.csv,native=shard_02_outcomes.csv:line_21; K5=shard_02_outcomes.csv:line_20,@DATA@/wam_factor_routing_v5/joint_idm_compute_confirmatory_v1_20260909/joint_new_trajectory_confirmatory/new_trajectory_closedloop/trajectories/JNT__task7__demo000296__TRANSPORT__native__policy_calls.json,c623ef5150a399c30e5ad1596d0b3890cd60d8dafed02d09db77ecb1a7e25525,@DATA@/wam_factor_routing_v5/joint_idm_compute_confirmatory_v1_20260909/joint_new_trajectory_confirmatory/new_trajectory_closedloop/trajectories/JNT__task7__demo000296__TRANSPORT__K5__policy_calls.json,90643704eb9d38f00ba76d073b8e04630d1eb33bf207d33b3999b2f6a1c60a05
JNT__task8__demo000144__TRANSPORT,8,6.056552797555924,4.545646417886019,0.24946639287609618,True,True,True,True,9,9,e9921cf0cdd17082807c6931182e586c9402ae654a21c37285ce4a0063a12aca,4e75f76019c068390c2692695f4c0c785338a2b987ee71ff5de4877eadaa8681,@DATA@/wam_factor_routing_v5/joint_idm_compute_confirmatory_v1_20260909/joint_new_trajectory_confirmatory/new_trajectory_closedloop/shards/shard_02_outcomes.csv | @DATA@/wam_factor_routing_v5/joint_idm_compute_confirmatory_v1_20260909/joint_new_trajectory_confirmatory/new_trajectory_closedloop/shards/shard_02_outcomes.csv,native=shard_02_outcomes.csv:line_23; K5=shard_02_outcomes.csv:line_25,@DATA@/wam_factor_routing_v5/joint_idm_compute_confirmatory_v1_20260909/joint_new_trajectory_confirmatory/new_trajectory_closedloop/trajectories/JNT__task8__demo000144__TRANSPORT__native__policy_calls.json,f54bdfdef13f0f5c5af698657202bc182655ce999087ab30091607fedb84f3ba,@DATA@/wam_factor_routing_v5/joint_idm_compute_confirmatory_v1_20260909/joint_new_trajectory_confirmatory/new_trajectory_closedloop/trajectories/JNT__task8__demo000144__TRANSPORT__K5__policy_calls.json,8302b535d2bab588256a4d257a3b6486892e60f347428bfae53e961e65d4293d
JNT__task8__demo000146__TRANSPORT,8,5.90456073731184,4.501363068819046,0.23764641112517806,True,True,True,True,9,9,44cc8115203b3ea067d4cbc72b5dd302f261cc832fdd805063cdb8390fcd89ea,e400b352e1acdca4e89ee8ae8705b771b6ed1fadacd3d8acf60a5c556ee6326b,@DATA@/wam_factor_routing_v5/joint_idm_compute_confirmatory_v1_20260909/joint_new_trajectory_confirmatory/new_trajectory_closedloop/shards/shard_03_outcomes.csv | @DATA@/wam_factor_routing_v5/joint_idm_compute_confirmatory_v1_20260909/joint_new_trajectory_confirmatory/new_trajectory_closedloop/shards/shard_03_outcomes.csv,native=shard_03_outcomes.csv:line_25; K5=shard_03_outcomes.csv:line_24,@DATA@/wam_factor_routing_v5/joint_idm_compute_confirmatory_v1_20260909/joint_new_trajectory_confirmatory/new_trajectory_closedloop/trajectories/JNT__task8__demo000146__TRANSPORT__native__policy_calls.json,16055abbbff2f0b66ea44c47842d49ba6bfdf54bffa3f605ec8640417243d665,@DATA@/wam_factor_routing_v5/joint_idm_compute_confirmatory_v1_20260909/joint_new_trajectory_confirmatory/new_trajectory_closedloop/trajectories/JNT__task8__demo000146__TRANSPORT__K5__policy_calls.json,95d91d7942f36e7421331409af30977211453178eb8a8f65e4ae48509aa52011
JNT__task8__demo000147__TRANSPORT,8,5.683135394006968,4.282011013478041,0.24654073559578646,True,True,True,True,9,9,24fe46910c11d09d76bde335f27bdb50172a0ff17601bb5b745ff9f3655fee82,648432d0818ac5748f4c7a3bc587c8df1130b6c88e5acd2f9f42a7c507850567,@DATA@/wam_factor_routing_v5/joint_idm_compute_confirmatory_v1_20260909/joint_new_trajectory_confirmatory/new_trajectory_closedloop/shards/shard_01_outcomes.csv | @DATA@/wam_factor_routing_v5/joint_idm_compute_confirmatory_v1_20260909/joint_new_trajectory_confirmatory/new_trajectory_closedloop/shards/shard_01_outcomes.csv,native=shard_01_outcomes.csv:line_31; K5=shard_01_outcomes.csv:line_30,@DATA@/wam_factor_routing_v5/joint_idm_compute_confirmatory_v1_20260909/joint_new_trajectory_confirmatory/new_trajectory_closedloop/trajectories/JNT__task8__demo000147__TRANSPORT__native__policy_calls.json,97b3b43884778d8c4d863642d089478ef69c659fade46069f5512f05c6a4d9b6,@DATA@/wam_factor_routing_v5/joint_idm_compute_confirmatory_v1_20260909/joint_new_trajectory_confirmatory/new_trajectory_closedloop/trajectories/JNT__task8__demo000147__TRANSPORT__K5__policy_calls.json,6cbf19f34519c2012a0a5285ed2df18a51db7dda344727215aae9201babb241d
JNT__task8__demo000148__TRANSPORT,8,5.7945083901286125,4.434037923812866,0.2347861759305434,True,True,True,True,9,9,0742c681f2ded013bd273477a5d7254a333cd13720d2d92deb17bd82f4c234ac,0589a3e188ebc768b77b29ca579b3157f77efe31726ef9a2e7498ca90e0e91f0,@DATA@/wam_factor_routing_v5/joint_idm_compute_confirmatory_v1_20260909/joint_new_trajectory_confirmatory/new_trajectory_closedloop/shards/shard_00_outcomes.csv | @DATA@/wam_factor_routing_v5/joint_idm_compute_confirmatory_v1_20260909/joint_new_trajectory_confirmatory/new_trajectory_closedloop/shards/shard_00_outcomes.csv,native=shard_00_outcomes.csv:line_27; K5=shard_00_outcomes.csv:line_26,@DATA@/wam_factor_routing_v5/joint_idm_compute_confirmatory_v1_20260909/joint_new_trajectory_confirmatory/new_trajectory_closedloop/trajectories/JNT__task8__demo000148__TRANSPORT__native__policy_calls.json,b44f7adc93ec42d6c8a9a61bd0d1005ce7bc280c3ae11d2853664bc409f2fb0f,@DATA@/wam_factor_routing_v5/joint_idm_compute_confirmatory_v1_20260909/joint_new_trajectory_confirmatory/new_trajectory_closedloop/trajectories/JNT__task8__demo000148__TRANSPORT__K5__policy_calls.json,eac552ff40c275e4de166e284b110d7dea10f551627303960406e1b6e6113736
JNT__task8__demo000149__TRANSPORT,8,5.632431149482727,4.434592384845018,0.21266815924553575,True,True,True,True,9,9,76589d7dcef762c069dbe959fb59d0083d393b1b2e027f800ada19e0d22bb1ac,95165bd30587d0a1ec9aa8ded926eabb6820d7db517627e1b4497995ca1fed81,@DATA@/wam_factor_routing_v5/joint_idm_compute_confirmatory_v1_20260909/joint_new_trajectory_confirmatory/new_trajectory_closedloop/shards/shard_01_outcomes.csv | @DATA@/wam_factor_routing_v5/joint_idm_compute_confirmatory_v1_20260909/joint_new_trajectory_confirmatory/new_trajectory_closedloop/shards/shard_01_outcomes.csv,native=shard_01_outcomes.csv:line_26; K5=shard_01_outcomes.csv:line_28,@DATA@/wam_factor_routing_v5/joint_idm_compute_confirmatory_v1_20260909/joint_new_trajectory_confirmatory/new_trajectory_closedloop/trajectories/JNT__task8__demo000149__TRANSPORT__native__policy_calls.json,232f5bacad520ac05459a10eecb66fab2b793bbc63042c7a51b9ae82ca793b02,@DATA@/wam_factor_routing_v5/joint_idm_compute_confirmatory_v1_20260909/joint_new_trajectory_confirmatory/new_trajectory_closedloop/trajectories/JNT__task8__demo000149__TRANSPORT__K5__policy_calls.json,0d492488c32be652b59cceb4b8bd59004bb0d9992d47f4e4623d5fe9032a8230
JNT__task8__demo000150__TRANSPORT,8,5.883289929479361,4.512592162936926,0.232981509150907,True,True,True,True,9,9,5cf40f7d5a33cd3577c16c602828ce1420cb9c16e1bc7b9a284cc3085a5f9d93,95c44f2a73f6f46792a37bfab05e895ce4fd87b712b9721929309145b42b860a,@DATA@/wam_factor_routing_v5/joint_idm_compute_confirmatory_v1_20260909/joint_new_trajectory_confirmatory/new_trajectory_closedloop/shards/shard_03_outcomes.csv | @DATA@/wam_factor_routing_v5/joint_idm_compute_confirmatory_v1_20260909/joint_new_trajectory_confirmatory/new_trajectory_closedloop/shards/shard_03_outcomes.csv,native=shard_03_outcomes.csv:line_27; K5=shard_03_outcomes.csv:line_26,@DATA@/wam_factor_routing_v5/joint_idm_compute_confirmatory_v1_20260909/joint_new_trajectory_confirmatory/new_trajectory_closedloop/trajectories/JNT__task8__demo000150__TRANSPORT__native__policy_calls.json,6fbe5e37599464df03cdb07b05f08dfb3ab6030d57297974d7908bffebe386f0,@DATA@/wam_factor_routing_v5/joint_idm_compute_confirmatory_v1_20260909/joint_new_trajectory_confirmatory/new_trajectory_closedloop/trajectories/JNT__task8__demo000150__TRANSPORT__K5__policy_calls.json,d4ebd8aeeb8191c199e4b2654b6f2d53d2f3618f63e1e8a9db9ff6512e49235f
JNT__task8__demo000151__TRANSPORT,8,6.034317996352911,4.547252517193556,0.24643472221021903,True,True,True,True,9,9,cd0657d19ffc1edb6b13712c9928a9dca2621116b3fe292e93c9d5bed0502f7c,06e2b03011590604de9cb2f4085c94af78037bb44e930fc5915f621f97bfea2b,@DATA@/wam_factor_routing_v5/joint_idm_compute_confirmatory_v1_20260909/joint_new_trajectory_confirmatory/new_trajectory_closedloop/shards/shard_02_outcomes.csv | @DATA@/wam_factor_routing_v5/joint_idm_compute_confirmatory_v1_20260909/joint_new_trajectory_confirmatory/new_trajectory_closedloop/shards/shard_02_outcomes.csv,native=shard_02_outcomes.csv:line_28; K5=shard_02_outcomes.csv:line_27,@DATA@/wam_factor_routing_v5/joint_idm_compute_confirmatory_v1_20260909/joint_new_trajectory_confirmatory/new_trajectory_closedloop/trajectories/JNT__task8__demo000151__TRANSPORT__native__policy_calls.json,a96b1cea5298d53e06df45b481f84ad6514792f7890eae918661bef4ea640811,@DATA@/wam_factor_routing_v5/joint_idm_compute_confirmatory_v1_20260909/joint_new_trajectory_confirmatory/new_trajectory_closedloop/trajectories/JNT__task8__demo000151__TRANSPORT__K5__policy_calls.json,bbb881430b62de20a9ade2c20ffa2e5cc77a090fe40d7a88d1c54c7b219e3594
JNT__task8__demo000152__TRANSPORT,8,6.064021419733763,4.573057413101196,0.24587050464245003,True,True,True,True,9,9,ce470307fea8b8a36b340e00939e70fb0864999f8cf6529e8b52cefa2c087714,f27390a7cc9d77205cf26dfed3e64b18acf5031c3737f8db667c77b499e5d96c,@DATA@/wam_factor_routing_v5/joint_idm_compute_confirmatory_v1_20260909/joint_new_trajectory_confirmatory/new_trajectory_closedloop/shards/shard_02_outcomes.csv | @DATA@/wam_factor_routing_v5/joint_idm_compute_confirmatory_v1_20260909/joint_new_trajectory_confirmatory/new_trajectory_closedloop/shards/shard_02_outcomes.csv,native=shard_02_outcomes.csv:line_30; K5=shard_02_outcomes.csv:line_29,@DATA@/wam_factor_routing_v5/joint_idm_compute_confirmatory_v1_20260909/joint_new_trajectory_confirmatory/new_trajectory_closedloop/trajectories/JNT__task8__demo000152__TRANSPORT__native__policy_calls.json,c15705943f8df5b4a7f51bc8bb11050a539db6901f36311316e3239724456fdb,@DATA@/wam_factor_routing_v5/joint_idm_compute_confirmatory_v1_20260909/joint_new_trajectory_confirmatory/new_trajectory_closedloop/trajectories/JNT__task8__demo000152__TRANSPORT__K5__policy_calls.json,0a851804c90e400b187eb5ff54ae0702ac7905b7eefe364969308a0e35bfd39f
JNT__task8__demo000153__TRANSPORT,8,5.149862930178642,3.9620045498013496,0.23065825177915703,True,True,True,True,8,8,4e7a20ca61d7fdf5df2832a5b65d1aaa4b61874f8d6840bb9b48333f29424448,fde5735ebfdf1cc4e3ed4f7abd883830dd887b9272dfe4619f204dd636cb174e,@DATA@/wam_factor_routing_v5/joint_idm_compute_confirmatory_v1_20260909/joint_new_trajectory_confirmatory/new_trajectory_closedloop/shards/shard_00_outcomes.csv | @DATA@/wam_factor_routing_v5/joint_idm_compute_confirmatory_v1_20260909/joint_new_trajectory_confirmatory/new_trajectory_closedloop/shards/shard_00_outcomes.csv,native=shard_00_outcomes.csv:line_29; K5=shard_00_outcomes.csv:line_31,@DATA@/wam_factor_routing_v5/joint_idm_compute_confirmatory_v1_20260909/joint_new_trajectory_confirmatory/new_trajectory_closedloop/trajectories/JNT__task8__demo000153__TRANSPORT__native__policy_calls.json,7876afb266e6500a1527e32d1a63a5ca4bc3d45504c7a9a7359459fad2e8b475,@DATA@/wam_factor_routing_v5/joint_idm_compute_confirmatory_v1_20260909/joint_new_trajectory_confirmatory/new_trajectory_closedloop/trajectories/JNT__task8__demo000153__TRANSPORT__K5__policy_calls.json,e36208b0c3d6e588869cdf3344043f5f4f47da7d243f88dd78014db40c830eb6
JNT__task8__demo000155__TRANSPORT,8,5.809980724006891,6.066405799239874,-0.04413527125372929,True,True,True,True,9,12,5de2cc160f81e224df5ffea1092958e154e65c6227c11cdf4c9dbbc9ee2b83c7,39dcf7aff51c79f29da9d693955e70a812bc1f9e080a52d3678956073530ed81,@DATA@/wam_factor_routing_v5/joint_idm_compute_confirmatory_v1_20260909/joint_new_trajectory_confirmatory/new_trajectory_closedloop/shards/shard_03_outcomes.csv | @DATA@/wam_factor_routing_v5/joint_idm_compute_confirmatory_v1_20260909/joint_new_trajectory_confirmatory/new_trajectory_closedloop/shards/shard_03_outcomes.csv,native=shard_03_outcomes.csv:line_29; K5=shard_03_outcomes.csv:line_31,@DATA@/wam_factor_routing_v5/joint_idm_compute_confirmatory_v1_20260909/joint_new_trajectory_confirmatory/new_trajectory_closedloop/trajectories/JNT__task8__demo000155__TRANSPORT__native__policy_calls.json,52f9da419ff0bbe6a6ab9f14f614d130e0e0c347b610b34d3f4c92d616afffe4,@DATA@/wam_factor_routing_v5/joint_idm_compute_confirmatory_v1_20260909/joint_new_trajectory_confirmatory/new_trajectory_closedloop/trajectories/JNT__task8__demo000155__TRANSPORT__K5__policy_calls.json,de12655cdf9585f6bd2cb1e8959763bb7f46e856843d444de46af475b91bd846
JNT__task9__demo000323__TRANSPORT,9,4.68025354295969,3.5156320184469223,0.24883727213126292,True,True,True,True,7,7,e8ce8d7f26d82bcc1ac1891aaa55727fa117358ac60a60e08662daf70f276065,bf0102a932bdd4866ed3ab8ae0b648c437a39db5645b7776ca2403777fa53f25,@DATA@/wam_factor_routing_v5/joint_idm_compute_confirmatory_v1_20260909/joint_new_trajectory_confirmatory/new_trajectory_closedloop/shards/shard_02_outcomes.csv | @DATA@/wam_factor_routing_v5/joint_idm_compute_confirmatory_v1_20260909/joint_new_trajectory_confirmatory/new_trajectory_closedloop/shards/shard_02_outcomes.csv,native=shard_02_outcomes.csv:line_32; K5=shard_02_outcomes.csv:line_34,@DATA@/wam_factor_routing_v5/joint_idm_compute_confirmatory_v1_20260909/joint_new_trajectory_confirmatory/new_trajectory_closedloop/trajectories/JNT__task9__demo000323__TRANSPORT__native__policy_calls.json,e822a04fe42638703cd906eacf86d186fd38ea2c3e088cb86734e8a7abde3214,@DATA@/wam_factor_routing_v5/joint_idm_compute_confirmatory_v1_20260909/joint_new_trajectory_confirmatory/new_trajectory_closedloop/trajectories/JNT__task9__demo000323__TRANSPORT__K5__policy_calls.json,537aa328b890679ed7f7205782da02c1246361406d94fc44b4b23a04bb4b89b0
JNT__task9__demo000326__TRANSPORT,9,4.559483114629984,3.513303130865097,0.22945144382880067,True,True,True,True,7,7,7b219a82f30ade1d092e3d4c6e0274f23130d43d295029d2359951536b12557c,9a0801b491d02f79410b4962c74ec7bade9a75f27af6af82f2660ca75395f472,@DATA@/wam_factor_routing_v5/joint_idm_compute_confirmatory_v1_20260909/joint_new_trajectory_confirmatory/new_trajectory_closedloop/shards/shard_03_outcomes.csv | @DATA@/wam_factor_routing_v5/joint_idm_compute_confirmatory_v1_20260909/joint_new_trajectory_confirmatory/new_trajectory_closedloop/shards/shard_03_outcomes.csv,native=shard_03_outcomes.csv:line_34; K5=shard_03_outcomes.csv:line_33,@DATA@/wam_factor_routing_v5/joint_idm_compute_confirmatory_v1_20260909/joint_new_trajectory_confirmatory/new_trajectory_closedloop/trajectories/JNT__task9__demo000326__TRANSPORT__native__policy_calls.json,bf19d3181eaa2d84f50b88dfb216aa39da358c8b69adbd3e401c81ad7dd805dc,@DATA@/wam_factor_routing_v5/joint_idm_compute_confirmatory_v1_20260909/joint_new_trajectory_confirmatory/new_trajectory_closedloop/trajectories/JNT__task9__demo000326__TRANSPORT__K5__policy_calls.json,6d326d100980902d6abb07c39ac9777817abfb7540d9bdfa6e0435d9d58e3f1e
JNT__task9__demo000330__TRANSPORT,9,4.541431378573179,3.426877610385418,0.2454190485947473,True,True,True,True,7,7,55cd80473185622857b0eb64f82c7a6001ba2f3df042ae9efb3c16f542e02937,c09bea78dc8f7129b6b00c95f414bf7a38809dcbcfb099c1eaeb6ddb50022d2c,@DATA@/wam_factor_routing_v5/joint_idm_compute_confirmatory_v1_20260909/joint_new_trajectory_confirmatory/new_trajectory_closedloop/shards/shard_00_outcomes.csv | @DATA@/wam_factor_routing_v5/joint_idm_compute_confirmatory_v1_20260909/joint_new_trajectory_confirmatory/new_trajectory_closedloop/shards/shard_00_outcomes.csv,native=shard_00_outcomes.csv:line_34; K5=shard_00_outcomes.csv:line_33,@DATA@/wam_factor_routing_v5/joint_idm_compute_confirmatory_v1_20260909/joint_new_trajectory_confirmatory/new_trajectory_closedloop/trajectories/JNT__task9__demo000330__TRANSPORT__native__policy_calls.json,67c7817bd64f983465ab272413841515a2cd139cd9973e106f5c97967acc6c5c,@DATA@/wam_factor_routing_v5/joint_idm_compute_confirmatory_v1_20260909/joint_new_trajectory_confirmatory/new_trajectory_closedloop/trajectories/JNT__task9__demo000330__TRANSPORT__K5__policy_calls.json,68ddc23c084652be6b1f93c2d81b334ab709074b0790fe94262e4c236878830c
JNT__task9__demo000331__TRANSPORT,9,3.8690550103783607,3.130581323057413,0.19086668071145652,True,True,True,True,6,6,20cb6ec46f6961ce6327c2192893e6d33c91a50942656cb504665392e215eed7,c6d452d45a37559d540cad3013be920d3eb3566a09efaf470d81d39da03b4664,@DATA@/wam_factor_routing_v5/joint_idm_compute_confirmatory_v1_20260909/joint_new_trajectory_confirmatory/new_trajectory_closedloop/shards/shard_00_outcomes.csv | @DATA@/wam_factor_routing_v5/joint_idm_compute_confirmatory_v1_20260909/joint_new_trajectory_confirmatory/new_trajectory_closedloop/shards/shard_00_outcomes.csv,native=shard_00_outcomes.csv:line_36; K5=shard_00_outcomes.csv:line_35,@DATA@/wam_factor_routing_v5/joint_idm_compute_confirmatory_v1_20260909/joint_new_trajectory_confirmatory/new_trajectory_closedloop/trajectories/JNT__task9__demo000331__TRANSPORT__native__policy_calls.json,096256b16b2ecb839d3ae3c4bfa29f261a4a646f8fa7516356b9bd7278c16453,@DATA@/wam_factor_routing_v5/joint_idm_compute_confirmatory_v1_20260909/joint_new_trajectory_confirmatory/new_trajectory_closedloop/trajectories/JNT__task9__demo000331__TRANSPORT__K5__policy_calls.json,d11753fd9ed03b1aca2394eb58242641131900bb3775b612a8a60a57028b32af
JNT__task9__demo000332__TRANSPORT,9,4.411317754536867,3.380119949579239,0.23376185129649338,True,True,True,True,7,7,3524b5c29579f9f958f2e3afa7e4715c922b41bc1d6dc4af650fc2750814107c,88b01d45beb5bd70579463461783bc9ee5c0badb8a3d9ce145ab5767bbcbebe8,@DATA@/wam_factor_routing_v5/joint_idm_compute_confirmatory_v1_20260909/joint_new_trajectory_confirmatory/new_trajectory_closedloop/shards/shard_01_outcomes.csv | @DATA@/wam_factor_routing_v5/joint_idm_compute_confirmatory_v1_20260909/joint_new_trajectory_confirmatory/new_trajectory_closedloop/shards/shard_01_outcomes.csv,native=shard_01_outcomes.csv:line_33; K5=shard_01_outcomes.csv:line_32,@DATA@/wam_factor_routing_v5/joint_idm_compute_confirmatory_v1_20260909/joint_new_trajectory_confirmatory/new_trajectory_closedloop/trajectories/JNT__task9__demo000332__TRANSPORT__native__policy_calls.json,a5b35077fb75d3d33914bb722b8adef8bcd5804e960c43bd4286c64de2651c65,@DATA@/wam_factor_routing_v5/joint_idm_compute_confirmatory_v1_20260909/joint_new_trajectory_confirmatory/new_trajectory_closedloop/trajectories/JNT__task9__demo000332__TRANSPORT__K5__policy_calls.json,298d6fb8eac6bb5e15f2bd53b9c95c191346572673d1b0da4d79c18295fd7765
JNT__task9__demo000333__TRANSPORT,9,3.821513436734677,2.880222406238317,0.24631367809625013,True,True,True,True,6,6,0d6ae90b03ab9db9ca4b8c9aa352ac3a9c1a908e9c52273f5e1fca93259a2f4e,f319c8c405f98976d9585ed9711e1ca85c5aedea64bbf5e46eacc32994ad9231,@DATA@/wam_factor_routing_v5/joint_idm_compute_confirmatory_v1_20260909/joint_new_trajectory_confirmatory/new_trajectory_closedloop/shards/shard_01_outcomes.csv | @DATA@/wam_factor_routing_v5/joint_idm_compute_confirmatory_v1_20260909/joint_new_trajectory_confirmatory/new_trajectory_closedloop/shards/shard_01_outcomes.csv,native=shard_01_outcomes.csv:line_35; K5=shard_01_outcomes.csv:line_37,@DATA@/wam_factor_routing_v5/joint_idm_compute_confirmatory_v1_20260909/joint_new_trajectory_confirmatory/new_trajectory_closedloop/trajectories/JNT__task9__demo000333__TRANSPORT__native__policy_calls.json,df85f1b91c64941334cbfb4143ff4b5cd3df219ef79fbb72cd66b651fa5a5d4b,@DATA@/wam_factor_routing_v5/joint_idm_compute_confirmatory_v1_20260909/joint_new_trajectory_confirmatory/new_trajectory_closedloop/trajectories/JNT__task9__demo000333__TRANSPORT__K5__policy_calls.json,f93cf98163360ec6c560246a4e6109d5dc6c8f2083c6865b0b0c334a2592e71d
JNT__task9__demo000335__TRANSPORT,9,4.745995607227087,3.641389731317759,0.2327448163304789,True,True,True,True,7,7,9f9da98cdf14d6b54b129fcc406da2438d73f298ad94fada478f7b4aaa6d1d9a,a6bd4b36dc6c107bddef3ebfa77a25651512d199c3f36ef4d5241a1c5a2be5d9,@DATA@/wam_factor_routing_v5/joint_idm_compute_confirmatory_v1_20260909/joint_new_trajectory_confirmatory/new_trajectory_closedloop/shards/shard_02_outcomes.csv | @DATA@/wam_factor_routing_v5/joint_idm_compute_confirmatory_v1_20260909/joint_new_trajectory_confirmatory/new_trajectory_closedloop/shards/shard_02_outcomes.csv,native=shard_02_outcomes.csv:line_37; K5=shard_02_outcomes.csv:line_36,@DATA@/wam_factor_routing_v5/joint_idm_compute_confirmatory_v1_20260909/joint_new_trajectory_confirmatory/new_trajectory_closedloop/trajectories/JNT__task9__demo000335__TRANSPORT__native__policy_calls.json,6fba0bd4c2a6f13d5166472820c8b679803fbe8b51e610506d926dd504294bce,@DATA@/wam_factor_routing_v5/joint_idm_compute_confirmatory_v1_20260909/joint_new_trajectory_confirmatory/new_trajectory_closedloop/trajectories/JNT__task9__demo000335__TRANSPORT__K5__policy_calls.json,e87e1e2120c9492bdbecdb95fa77d5e935c8d07ce56824f793eb4397c6e2b2bf
JNT__task9__demo000336__TRANSPORT,9,5.182439018040896,4.170571584254503,0.1952492697480706,True,True,True,True,8,8,6e4aed6db3f19ea881affe7193ad77b1f2e5647135b7c36bbf83f12b2dacc1da,4991131a430f0da834fc64d2ea4b6f7ec4a3f8d4083ecc50b1847c8d4ffdedf8,@DATA@/wam_factor_routing_v5/joint_idm_compute_confirmatory_v1_20260909/joint_new_trajectory_confirmatory/new_trajectory_closedloop/shards/shard_03_outcomes.csv | @DATA@/wam_factor_routing_v5/joint_idm_compute_confirmatory_v1_20260909/joint_new_trajectory_confirmatory/new_trajectory_closedloop/shards/shard_03_outcomes.csv,native=shard_03_outcomes.csv:line_36; K5=shard_03_outcomes.csv:line_35,@DATA@/wam_factor_routing_v5/joint_idm_compute_confirmatory_v1_20260909/joint_new_trajectory_confirmatory/new_trajectory_closedloop/trajectories/JNT__task9__demo000336__TRANSPORT__native__policy_calls.json,9d14b96b6ce060c678ce21795e0fb543f414d9a1c8667083a0a8a95a37cbfd1e,@DATA@/wam_factor_routing_v5/joint_idm_compute_confirmatory_v1_20260909/joint_new_trajectory_confirmatory/new_trajectory_closedloop/trajectories/JNT__task9__demo000336__TRANSPORT__K5__policy_calls.json,c3c55fa5a15c8ab59825f233ff9471fb8f44288d462f8f8fbd6cf63dffd1f8fb
JNT__task9__demo000337__TRANSPORT,9,2.616166014224291,1.4746267795562744,0.4363405183239068,True,True,True,True,4,3,055bef88eec6eeb5b74b51e74acbcb9cbf7c75142580e47cfa864ea3db4dc01a,48ec03e76212afc561331beb27528aa4e2d796b331b8fb380825038d9c3d415c,@DATA@/wam_factor_routing_v5/joint_idm_compute_confirmatory_v1_20260909/joint_new_trajectory_confirmatory/new_trajectory_closedloop/shards/shard_00_outcomes.csv | @DATA@/wam_factor_routing_v5/joint_idm_compute_confirmatory_v1_20260909/joint_new_trajectory_confirmatory/new_trajectory_closedloop/shards/shard_00_outcomes.csv,native=shard_00_outcomes.csv:line_38; K5=shard_00_outcomes.csv:line_40,@DATA@/wam_factor_routing_v5/joint_idm_compute_confirmatory_v1_20260909/joint_new_trajectory_confirmatory/new_trajectory_closedloop/trajectories/JNT__task9__demo000337__TRANSPORT__native__policy_calls.json,b15273b8435565d73affae64e6749cb82a5a10a51a0a3f74055c8f2c87593819,@DATA@/wam_factor_routing_v5/joint_idm_compute_confirmatory_v1_20260909/joint_new_trajectory_confirmatory/new_trajectory_closedloop/trajectories/JNT__task9__demo000337__TRANSPORT__K5__policy_calls.json,5e15f9fe7ef26dcc00d48420817eb6577b35f648f6aca50ae05f54aff4f51cb3
JNT__task9__demo000338__TRANSPORT,9,4.362438723444939,3.334062080830336,0.2357343467285455,True,True,True,True,7,7,98b723d81aa9cb8535d7c32e1eb136107ef3d6847bcd0378d3b928a88db36898,16faa80c33fdae280080ceb96e4784488efa32fb6c321abc74bceeb3a0a3c11d,@DATA@/wam_factor_routing_v5/joint_idm_compute_confirmatory_v1_20260909/joint_new_trajectory_confirmatory/new_trajectory_closedloop/shards/shard_01_outcomes.csv | @DATA@/wam_factor_routing_v5/joint_idm_compute_confirmatory_v1_20260909/joint_new_trajectory_confirmatory/new_trajectory_closedloop/shards/shard_01_outcomes.csv,native=shard_01_outcomes.csv:line_40; K5=shard_01_outcomes.csv:line_39,@DATA@/wam_factor_routing_v5/joint_idm_compute_confirmatory_v1_20260909/joint_new_trajectory_confirmatory/new_trajectory_closedloop/trajectories/JNT__task9__demo000338__TRANSPORT__native__policy_calls.json,68ad46cea9d01109b3dd624891cdc60812a232c36a37eac959b347f4fc52b9c3,@DATA@/wam_factor_routing_v5/joint_idm_compute_confirmatory_v1_20260909/joint_new_trajectory_confirmatory/new_trajectory_closedloop/trajectories/JNT__task9__demo000338__TRANSPORT__K5__policy_calls.json,d4ea477d04e9370987a766569d866ee6630502b10a5393b8cbb14c759ef5f276
