source_id,task_id,factor,signed_dose_cm,contrast,chunk_position,native_response,gain_adjusted_native_response,k5_response,unit,fold_id,heldout_lambda,gain_training_trajectory_count
JNT__task5__demo000418__TRANSPORT__F3G_RADIAL__p1cm,5,F3-G radial target displacement,1.0,natural donor-minus-recipient budget-condition increment,0,0.0060477599800331065,0.005492001619123588,0.010201881496763385,normalized policy translation-command unit,0,0.9081050896952964,40
JNT__task5__demo000418__TRANSPORT__F3G_RADIAL__p1cm,5,F3-G radial target displacement,1.0,natural donor-minus-recipient budget-condition increment,1,0.016465669047075783,0.014952557866887818,0.019795037205653555,normalized policy translation-command unit,0,0.9081050896952964,40
JNT__task5__demo000418__TRANSPORT__F3G_RADIAL__p1cm,5,F3-G radial target displacement,1.0,natural donor-minus-recipient budget-condition increment,2,0.028057987302660844,0.02547960107615231,0.030708439719436268,normalized policy translation-command unit,0,0.9081050896952964,40
JNT__task5__demo000418__TRANSPORT__F3G_RADIAL__p1cm,5,F3-G radial target displacement,1.0,natural donor-minus-recipient budget-condition increment,3,0.04751605633916081,0.043149572603840385,0.048773343142868616,normalized policy translation-command unit,0,0.9081050896952964,40
JNT__task5__demo000418__TRANSPORT__F3G_RADIAL__p1cm,5,F3-G radial target displacement,1.0,natural donor-minus-recipient budget-condition increment,4,0.05485868780161388,0.04981745360665083,0.050704566284883595,normalized policy translation-command unit,0,0.9081050896952964,40
JNT__task5__demo000418__TRANSPORT__F3G_RADIAL__p1cm,5,F3-G radial target displacement,1.0,natural donor-minus-recipient budget-condition increment,5,0.05407537325104408,0.04910612167644601,0.04937436067300072,normalized policy translation-command unit,0,0.9081050896952964,40
JNT__task5__demo000418__TRANSPORT__F3G_RADIAL__p1cm,5,F3-G radial target displacement,1.0,natural donor-minus-recipient budget-condition increment,6,0.059905502081176565,0.05440049134066861,0.0527992941079802,normalized policy translation-command unit,0,0.9081050896952964,40
JNT__task5__demo000418__TRANSPORT__F3G_RADIAL__p1cm,5,F3-G radial target displacement,1.0,natural donor-minus-recipient budget-condition increment,7,0.06391378598155668,0.05804043435154751,0.06209081577717971,normalized policy translation-command unit,0,0.9081050896952964,40
JNT__task5__demo000418__TRANSPORT__F3G_RADIAL__p1cm,5,F3-G radial target displacement,1.0,natural donor-minus-recipient budget-condition increment,8,0.06325751670798098,0.05744447288400278,0.06158038411995416,normalized policy translation-command unit,0,0.9081050896952964,40
JNT__task5__demo000418__TRANSPORT__F3G_RADIAL__p1cm,5,F3-G radial target displacement,1.0,natural donor-minus-recipient budget-condition increment,9,0.05509511129087058,0.05003215098056836,0.05720750617869864,normalized policy translation-command unit,0,0.9081050896952964,40
JNT__task5__demo000418__TRANSPORT__F3G_RADIAL__p1cm,5,F3-G radial target displacement,1.0,natural donor-minus-recipient budget-condition increment,10,0.0546575984418201,0.04963484333553853,0.05676999332964817,normalized policy translation-command unit,0,0.9081050896952964,40
JNT__task5__demo000418__TRANSPORT__F3G_RADIAL__p1cm,5,F3-G radial target displacement,1.0,natural donor-minus-recipient budget-condition increment,11,0.04693270587376018,0.04261982907713395,0.052032521347517256,normalized policy translation-command unit,0,0.9081050896952964,40
JNT__task5__demo000418__TRANSPORT__F3G_RADIAL__p1cm,5,F3-G radial target displacement,1.0,natural donor-minus-recipient budget-condition increment,12,0.03862446284029962,0.035075071292022926,0.04846175029618761,normalized policy translation-command unit,0,0.9081050896952964,40
JNT__task5__demo000418__TRANSPORT__F3G_RADIAL__p1cm,5,F3-G radial target displacement,1.0,natural donor-minus-recipient budget-condition increment,13,0.030316219806839066,0.02753031350691191,0.04059102011177753,normalized policy translation-command unit,0,0.9081050896952964,40
JNT__task5__demo000418__TRANSPORT__F3G_RADIAL__p1cm,5,F3-G radial target displacement,1.0,natural donor-minus-recipient budget-condition increment,14,0.023174677704179775,0.021045042775213758,0.029003681259687643,normalized policy translation-command unit,0,0.9081050896952964,40
JNT__task5__demo000418__TRANSPORT__F3G_RADIAL__p1cm,5,F3-G radial target displacement,1.0,natural donor-minus-recipient budget-condition increment,15,0.011003988386689255,0.009992777860900444,0.017270504791247598,normalized policy translation-command unit,0,0.9081050896952964,40
JNT__task5__demo000418__TRANSPORT__F3G_RADIAL__p1cm,5,F3-G radial target displacement,1.0,natural donor-minus-recipient budget-condition increment,16,0.011733176468440045,0.010654957269283487,0.013553896123567794,normalized policy translation-command unit,0,0.9081050896952964,40
JNT__task5__demo000418__TRANSPORT__F3G_RADIAL__p1cm,5,F3-G radial target displacement,1.0,natural donor-minus-recipient budget-condition increment,17,0.011879014084790203,0.010787393150960096,0.013991408972618267,normalized policy translation-command unit,0,0.9081050896952964,40
JNT__task5__demo000418__TRANSPORT__F3G_RADIAL__p1cm,5,F3-G radial target displacement,1.0,natural donor-minus-recipient budget-condition increment,18,0.010858150770339097,0.009860341979223837,0.010420637921288623,normalized policy translation-command unit,0,0.9081050896952964,40
JNT__task5__demo000418__TRANSPORT__F3G_RADIAL__p1cm,5,F3-G radial target displacement,1.0,natural donor-minus-recipient budget-condition increment,19,0.010128962688588306,0.009198162570840794,0.006849866869958976,normalized policy translation-command unit,0,0.9081050896952964,40
JNT__task5__demo000418__TRANSPORT__F3G_RADIAL__p1cm,5,F3-G radial target displacement,1.0,natural donor-minus-recipient budget-condition increment,20,0.013408058507217636,0.012175926173336652,0.010274800304938464,normalized policy translation-command unit,0,0.9081050896952964,40
JNT__task5__demo000418__TRANSPORT__F3G_RADIAL__p1cm,5,F3-G radial target displacement,1.0,natural donor-minus-recipient budget-condition increment,21,0.013699733739917952,0.01244079793668987,0.007141542102659292,normalized policy translation-command unit,0,0.9081050896952964,40
JNT__task5__demo000418__TRANSPORT__F3G_RADIAL__p1cm,5,F3-G radial target displacement,1.0,natural donor-minus-recipient budget-condition increment,22,0.016687154325846963,0.015153689775832509,0.002987420585929014,normalized policy translation-command unit,0,0.9081050896952964,40
JNT__task5__demo000418__TRANSPORT__F3G_RADIAL__p1cm,5,F3-G radial target displacement,1.0,natural donor-minus-recipient budget-condition increment,23,0.011949682343716055,0.010851567356570568,0.002987420585929014,normalized policy translation-command unit,0,0.9081050896952964,40
JNT__task5__demo000418__TRANSPORT__F3G_RADIAL__p1cm,5,F3-G radial target displacement,1.0,natural donor-minus-recipient budget-condition increment,24,0.012533032809116688,0.011381310883277002,0.00728737971900945,normalized policy translation-command unit,0,0.9081050896952964,40
JNT__task5__demo000418__TRANSPORT__F3G_RADIAL__p1cm,5,F3-G radial target displacement,1.0,natural donor-minus-recipient budget-condition increment,25,0.00837891129238641,0.007608931990721492,0.00014583761635015807,normalized policy translation-command unit,0,0.9081050896952964,40
JNT__task5__demo000418__TRANSPORT__F3G_RADIAL__p1cm,5,F3-G radial target displacement,1.0,natural donor-minus-recipient budget-condition increment,26,0.019966250144476297,0.01813145337832837,-0.0075790549517097665,normalized policy translation-command unit,0,0.9081050896952964,40
JNT__task5__demo000418__TRANSPORT__F3G_RADIAL__p1cm,5,F3-G radial target displacement,1.0,natural donor-minus-recipient budget-condition increment,27,0.017343423599422675,0.01574965124337725,0.00043751284905047417,normalized policy translation-command unit,0,0.9081050896952964,40
JNT__task5__demo000418__TRANSPORT__F3G_RADIAL__p1cm,5,F3-G radial target displacement,1.0,natural donor-minus-recipient budget-condition increment,28,0.01778093644847315,0.016146958888407077,-0.002987420585929014,normalized policy translation-command unit,0,0.9081050896952964,40
JNT__task5__demo000418__TRANSPORT__F3G_RADIAL__p1cm,5,F3-G radial target displacement,1.0,natural donor-minus-recipient budget-condition increment,29,0.018874718571099337,0.01714022800098164,-0.00582900355550787,normalized policy translation-command unit,0,0.9081050896952964,40
JNT__task5__demo000418__TRANSPORT__F3G_RADIAL__p1cm,5,F3-G radial target displacement,1.0,natural donor-minus-recipient budget-condition increment,30,0.027255880412734974,0.024751203726930966,0.003062589943353319,normalized policy translation-command unit,0,0.9081050896952964,40
JNT__task5__demo000418__TRANSPORT__F3G_RADIAL__p1cm,5,F3-G radial target displacement,1.0,natural donor-minus-recipient budget-condition increment,31,0.017418592956846984,0.015817912919443386,0.012975046756665614,normalized policy translation-command unit,0,0.9081050896952964,40
