panel,factor,phase,model,signed_dose_cm,estimate,ci_low,ci_high,n_cases,n_base_states,n_tasks,readout,bootstrap_reps,bootstrap_seed_base
(a) F1 · PreGrasp,F1_ROBOT_RADIAL_PROGRESS,PREGRASP,Direct,-4.0,-3.6333333333333337,-4.746666666666667,-2.499916666666668,20,20,5,ClosingDrive,10000,20260922
(a) F1 · PreGrasp,F1_ROBOT_RADIAL_PROGRESS,PREGRASP,Direct,-2.0,-2.258888888888889,-2.626111111111111,-1.8716666666666668,35,35,5,ClosingDrive,10000,20260922
(a) F1 · PreGrasp,F1_ROBOT_RADIAL_PROGRESS,PREGRASP,Direct,-1.0,-1.2833333333333332,-1.5083333333333333,-1.056111111111111,38,38,5,ClosingDrive,10000,20260922
(a) F1 · PreGrasp,F1_ROBOT_RADIAL_PROGRESS,PREGRASP,Direct,1.0,2.165,1.2255416666666665,3.2622916666666653,47,47,5,ClosingDrive,10000,20260922
(a) F1 · PreGrasp,F1_ROBOT_RADIAL_PROGRESS,PREGRASP,Direct,2.0,3.8811111111111116,2.954986111111111,4.9644861111111105,47,47,5,ClosingDrive,10000,20260922
(a) F1 · PreGrasp,F1_ROBOT_RADIAL_PROGRESS,PREGRASP,Direct,4.0,7.140000000000001,5.959999999999999,8.56,48,48,5,ClosingDrive,10000,20260922
(a) F1 · PreGrasp,F1_ROBOT_RADIAL_PROGRESS,PREGRASP,Joint,-4.0,-2.475,-3.4,-1.575,22,22,5,ClosingDrive,10000,20260922
(a) F1 · PreGrasp,F1_ROBOT_RADIAL_PROGRESS,PREGRASP,Joint,-2.0,-1.95,-2.5100000000000002,-1.4316666666666666,33,33,5,ClosingDrive,10000,20260922
(a) F1 · PreGrasp,F1_ROBOT_RADIAL_PROGRESS,PREGRASP,Joint,-1.0,-0.9555555555555555,-1.4,-0.575,38,38,5,ClosingDrive,10000,20260922
(a) F1 · PreGrasp,F1_ROBOT_RADIAL_PROGRESS,PREGRASP,Joint,1.0,2.051428571428571,1.4428571428571428,2.871428571428571,47,47,5,ClosingDrive,10000,20260922
(a) F1 · PreGrasp,F1_ROBOT_RADIAL_PROGRESS,PREGRASP,Joint,2.0,4.815555555555556,3.5732777777777778,6.182222222222222,45,45,5,ClosingDrive,10000,20260922
(a) F1 · PreGrasp,F1_ROBOT_RADIAL_PROGRESS,PREGRASP,Joint,4.0,9.39,7.984875,10.834999999999999,48,48,5,ClosingDrive,10000,20260922
(a) F1 · PreGrasp,F1_ROBOT_RADIAL_PROGRESS,PREGRASP,IDM,-4.0,-3.9666666666666672,-5.133333333333334,-2.9,17,17,5,ClosingDrive,10000,20260922
(a) F1 · PreGrasp,F1_ROBOT_RADIAL_PROGRESS,PREGRASP,IDM,-2.0,-2.525,-3.4322142857142857,-1.6749821428571432,35,35,5,ClosingDrive,10000,20260922
(a) F1 · PreGrasp,F1_ROBOT_RADIAL_PROGRESS,PREGRASP,IDM,-1.0,-1.928888888888889,-2.65,-1.2622083333333336,45,45,5,ClosingDrive,10000,20260922
(a) F1 · PreGrasp,F1_ROBOT_RADIAL_PROGRESS,PREGRASP,IDM,1.0,2.16,1.435,2.94,48,48,5,ClosingDrive,10000,20260922
(a) F1 · PreGrasp,F1_ROBOT_RADIAL_PROGRESS,PREGRASP,IDM,2.0,4.567619047619047,3.6307857142857145,5.5907936507936515,46,46,5,ClosingDrive,10000,20260922
(a) F1 · PreGrasp,F1_ROBOT_RADIAL_PROGRESS,PREGRASP,IDM,4.0,7.822857142857143,6.462785714285715,9.331428571428571,47,47,5,ClosingDrive,10000,20260922
(a) F1 · PreGrasp,F1_ROBOT_RADIAL_PROGRESS,PREGRASP,ImageWAM,-4.0,-3.4229166666666666,-3.8375,-2.98125,21,21,4,ClosingDrive,10000,20260922
(a) F1 · PreGrasp,F1_ROBOT_RADIAL_PROGRESS,PREGRASP,ImageWAM,-2.0,-1.5384126984126985,-1.9365238095238093,-1.1492063492063491,37,37,5,ClosingDrive,10000,20260922
(a) F1 · PreGrasp,F1_ROBOT_RADIAL_PROGRESS,PREGRASP,ImageWAM,-1.0,-0.9822222222222223,-1.3533412698412697,-0.6270555555555557,42,42,5,ClosingDrive,10000,20260922
(a) F1 · PreGrasp,F1_ROBOT_RADIAL_PROGRESS,PREGRASP,ImageWAM,1.0,1.1606349206349207,0.8863253968253969,1.4444444444444444,46,46,5,ClosingDrive,10000,20260922
(a) F1 · PreGrasp,F1_ROBOT_RADIAL_PROGRESS,PREGRASP,ImageWAM,2.0,3.16,2.5621666666666667,3.7955555555555556,44,44,5,ClosingDrive,10000,20260922
(a) F1 · PreGrasp,F1_ROBOT_RADIAL_PROGRESS,PREGRASP,ImageWAM,4.0,6.58,5.804444444444445,7.357777777777779,45,45,5,ClosingDrive,10000,20260922
(b) F3 · PrePlace,F3_OBJECT_GOAL_RADIAL_PROGRESS,PREPLACE,Direct,-4.0,-0.8162259291303707,-1.2662804708501607,-0.15008249856080086,42,42,5,goal_approach_drive,10000,20260922
(b) F3 · PrePlace,F3_OBJECT_GOAL_RADIAL_PROGRESS,PREPLACE,Direct,-2.0,-0.39753193197443454,-0.8203561975997025,0.26131172219205595,47,47,5,goal_approach_drive,10000,20260922
(b) F3 · PrePlace,F3_OBJECT_GOAL_RADIAL_PROGRESS,PREPLACE,Direct,-1.0,-0.06838289021663937,-0.43924737586542073,0.5789221255714748,50,50,5,goal_approach_drive,10000,20260922
(b) F3 · PrePlace,F3_OBJECT_GOAL_RADIAL_PROGRESS,PREPLACE,Direct,1.0,0.6176192238620757,0.21306350249031364,1.3054664629523354,49,49,5,goal_approach_drive,10000,20260922
(b) F3 · PrePlace,F3_OBJECT_GOAL_RADIAL_PROGRESS,PREPLACE,Direct,2.0,1.1417764804281483,0.6911269723567739,1.8301714730379293,47,47,5,goal_approach_drive,10000,20260922
(b) F3 · PrePlace,F3_OBJECT_GOAL_RADIAL_PROGRESS,PREPLACE,Direct,4.0,2.41281327978079,2.026272558284907,2.913965709321623,47,47,5,goal_approach_drive,10000,20260922
(b) F3 · PrePlace,F3_OBJECT_GOAL_RADIAL_PROGRESS,PREPLACE,Joint,-4.0,-2.2239820398915455,-2.529795842156513,-1.9180617941032052,40,40,5,goal_approach_drive,10000,20260922
(b) F3 · PrePlace,F3_OBJECT_GOAL_RADIAL_PROGRESS,PREPLACE,Joint,-2.0,-1.1910923292100541,-1.374288543014942,-0.9891551519048969,46,46,5,goal_approach_drive,10000,20260922
(b) F3 · PrePlace,F3_OBJECT_GOAL_RADIAL_PROGRESS,PREPLACE,Joint,-1.0,-0.6314595422547862,-0.7399438259781489,-0.5219700784966819,47,47,5,goal_approach_drive,10000,20260922
(b) F3 · PrePlace,F3_OBJECT_GOAL_RADIAL_PROGRESS,PREPLACE,Joint,1.0,0.5872921864668029,0.49629882848914797,0.6739373310396574,45,45,5,goal_approach_drive,10000,20260922
(b) F3 · PrePlace,F3_OBJECT_GOAL_RADIAL_PROGRESS,PREPLACE,Joint,2.0,1.272229079513595,1.1591516214395616,1.386512136999067,44,44,5,goal_approach_drive,10000,20260922
(b) F3 · PrePlace,F3_OBJECT_GOAL_RADIAL_PROGRESS,PREPLACE,Joint,4.0,2.8432805974739557,2.6644522885346267,3.0153248692449797,43,43,5,goal_approach_drive,10000,20260922
(b) F3 · PrePlace,F3_OBJECT_GOAL_RADIAL_PROGRESS,PREPLACE,IDM,-4.0,-2.5606962671624798,-2.9107365995439265,-2.216148554621971,41,41,5,goal_approach_drive,10000,20260922
(b) F3 · PrePlace,F3_OBJECT_GOAL_RADIAL_PROGRESS,PREPLACE,IDM,-2.0,-1.3914363172104942,-1.573217808582577,-1.194196373689241,48,48,5,goal_approach_drive,10000,20260922
(b) F3 · PrePlace,F3_OBJECT_GOAL_RADIAL_PROGRESS,PREPLACE,IDM,-1.0,-0.7270505162049108,-0.8488357343016213,-0.5915353399758327,48,48,5,goal_approach_drive,10000,20260922
(b) F3 · PrePlace,F3_OBJECT_GOAL_RADIAL_PROGRESS,PREPLACE,IDM,1.0,0.7408206974944543,0.6242461040724695,0.8566363120749926,49,49,5,goal_approach_drive,10000,20260922
(b) F3 · PrePlace,F3_OBJECT_GOAL_RADIAL_PROGRESS,PREPLACE,IDM,2.0,1.5196588617379352,1.3598210771115669,1.685564901328175,49,49,5,goal_approach_drive,10000,20260922
(b) F3 · PrePlace,F3_OBJECT_GOAL_RADIAL_PROGRESS,PREPLACE,IDM,4.0,2.98809092816559,2.815091392735824,3.167008878714035,47,47,5,goal_approach_drive,10000,20260922
(b) F3 · PrePlace,F3_OBJECT_GOAL_RADIAL_PROGRESS,PREPLACE,ImageWAM,-4.0,-3.2097165961178398,-3.5861375239227424,-2.831523922994679,47,47,5,goal_approach_drive,10000,20260922
(b) F3 · PrePlace,F3_OBJECT_GOAL_RADIAL_PROGRESS,PREPLACE,ImageWAM,-2.0,-1.8237804334263505,-2.071862211950171,-1.5632038413384517,48,48,5,goal_approach_drive,10000,20260922
(b) F3 · PrePlace,F3_OBJECT_GOAL_RADIAL_PROGRESS,PREPLACE,ImageWAM,-1.0,-1.043283647543587,-1.193303605586893,-0.8922846964930158,50,50,5,goal_approach_drive,10000,20260922
(b) F3 · PrePlace,F3_OBJECT_GOAL_RADIAL_PROGRESS,PREPLACE,ImageWAM,1.0,0.9284849432962485,0.8072417699013638,1.0415212630014807,48,48,5,goal_approach_drive,10000,20260922
(b) F3 · PrePlace,F3_OBJECT_GOAL_RADIAL_PROGRESS,PREPLACE,ImageWAM,2.0,2.0221432125719003,1.8533676719222822,2.1924012483880526,45,45,5,goal_approach_drive,10000,20260922
(b) F3 · PrePlace,F3_OBJECT_GOAL_RADIAL_PROGRESS,PREPLACE,ImageWAM,4.0,4.14735919210783,3.8829180495223183,4.397899424978757,47,47,5,goal_approach_drive,10000,20260922
(c) F3 · Transport,F3_OBJECT_GOAL_RADIAL_PROGRESS,TRANSPORT,Direct,-4.0,-0.18346033829077382,-0.6038846426526139,0.47031054400118205,46,46,5,TransportDrive,10000,20260922
(c) F3 · Transport,F3_OBJECT_GOAL_RADIAL_PROGRESS,TRANSPORT,Direct,-2.0,0.16142347243786054,-0.22228669390412215,0.8126996544420944,50,50,5,TransportDrive,10000,20260922
(c) F3 · Transport,F3_OBJECT_GOAL_RADIAL_PROGRESS,TRANSPORT,Direct,-1.0,0.2550557112865453,-0.10347894567556618,0.8854836593328751,50,50,5,TransportDrive,10000,20260922
(c) F3 · Transport,F3_OBJECT_GOAL_RADIAL_PROGRESS,TRANSPORT,Direct,1.0,0.5739083065157282,0.20921662343046724,1.2263684256692522,50,50,5,TransportDrive,10000,20260922
(c) F3 · Transport,F3_OBJECT_GOAL_RADIAL_PROGRESS,TRANSPORT,Direct,2.0,0.7356609310801151,0.35673017459263623,1.3980892049029758,48,48,5,TransportDrive,10000,20260922
(c) F3 · Transport,F3_OBJECT_GOAL_RADIAL_PROGRESS,TRANSPORT,Direct,4.0,1.065715186062962,0.6974718877531636,1.650607549227795,46,46,5,TransportDrive,10000,20260922
(c) F3 · Transport,F3_OBJECT_GOAL_RADIAL_PROGRESS,TRANSPORT,Joint,-4.0,-0.24648464616660534,-0.3958379102049823,-0.09054367454546038,44,44,5,TransportDrive,10000,20260922
(c) F3 · Transport,F3_OBJECT_GOAL_RADIAL_PROGRESS,TRANSPORT,Joint,-2.0,0.07369404662501453,-0.03882668960261423,0.18866460912152927,45,45,5,TransportDrive,10000,20260922
(c) F3 · Transport,F3_OBJECT_GOAL_RADIAL_PROGRESS,TRANSPORT,Joint,-1.0,0.011543450758043227,-0.0832779623935696,0.11052024910884711,47,47,5,TransportDrive,10000,20260922
(c) F3 · Transport,F3_OBJECT_GOAL_RADIAL_PROGRESS,TRANSPORT,Joint,1.0,0.2657712460563141,0.18344969733561076,0.34305224638777226,47,47,5,TransportDrive,10000,20260922
(c) F3 · Transport,F3_OBJECT_GOAL_RADIAL_PROGRESS,TRANSPORT,Joint,2.0,0.45406445672537565,0.3133271893565276,0.5835105525857104,44,44,5,TransportDrive,10000,20260922
(c) F3 · Transport,F3_OBJECT_GOAL_RADIAL_PROGRESS,TRANSPORT,Joint,4.0,0.8111053521592806,0.6552789551681335,0.9636310498159542,44,44,5,TransportDrive,10000,20260922
(c) F3 · Transport,F3_OBJECT_GOAL_RADIAL_PROGRESS,TRANSPORT,IDM,-4.0,-0.058384428739268246,-0.34868844600065646,0.24804335053775664,46,46,5,TransportDrive,10000,20260922
(c) F3 · Transport,F3_OBJECT_GOAL_RADIAL_PROGRESS,TRANSPORT,IDM,-2.0,0.03734648331368591,-0.17963619012009285,0.2574373030709798,48,48,5,TransportDrive,10000,20260922
(c) F3 · Transport,F3_OBJECT_GOAL_RADIAL_PROGRESS,TRANSPORT,IDM,-1.0,-0.2159677896180972,-0.744951172662419,0.11966573569447198,49,49,5,TransportDrive,10000,20260922
(c) F3 · Transport,F3_OBJECT_GOAL_RADIAL_PROGRESS,TRANSPORT,IDM,1.0,0.2551386544460229,0.13624397195092708,0.37500297454201,50,50,5,TransportDrive,10000,20260922
(c) F3 · Transport,F3_OBJECT_GOAL_RADIAL_PROGRESS,TRANSPORT,IDM,2.0,0.49239332936352864,0.3289355889726514,0.6574461157403315,48,48,5,TransportDrive,10000,20260922
(c) F3 · Transport,F3_OBJECT_GOAL_RADIAL_PROGRESS,TRANSPORT,IDM,4.0,1.016863271268296,0.7849871799155099,1.268506916099495,48,48,5,TransportDrive,10000,20260922
(c) F3 · Transport,F3_OBJECT_GOAL_RADIAL_PROGRESS,TRANSPORT,ImageWAM,-4.0,0.2063186571980878,0.07012936911025323,0.33583362830525065,48,48,5,TransportDrive,10000,20260922
(c) F3 · Transport,F3_OBJECT_GOAL_RADIAL_PROGRESS,TRANSPORT,ImageWAM,-2.0,0.11202176151249543,0.017227225877839182,0.20840343419846283,50,50,5,TransportDrive,10000,20260922
(c) F3 · Transport,F3_OBJECT_GOAL_RADIAL_PROGRESS,TRANSPORT,ImageWAM,-1.0,0.01563557813094558,-0.057592305622177736,0.08754758897242482,50,50,5,TransportDrive,10000,20260922
(c) F3 · Transport,F3_OBJECT_GOAL_RADIAL_PROGRESS,TRANSPORT,ImageWAM,1.0,0.1472252796946724,0.07327569554012305,0.22367350632146332,50,50,5,TransportDrive,10000,20260922
(c) F3 · Transport,F3_OBJECT_GOAL_RADIAL_PROGRESS,TRANSPORT,ImageWAM,2.0,0.289796176086659,0.1589464652362518,0.4246227518082188,50,50,5,TransportDrive,10000,20260922
(c) F3 · Transport,F3_OBJECT_GOAL_RADIAL_PROGRESS,TRANSPORT,ImageWAM,4.0,0.287582605481658,0.10579912175173532,0.4758434372711641,48,48,5,TransportDrive,10000,20260922
