task_id,trajectory_id,early_error,late_error,blocked_error,donor_n
0,libero_object_task0_init30,0.28949163971996594,0.042381415877193,0.28928091262294947,6
0,libero_object_task0_init31,0.1689716755618441,0.023359642351992074,0.1693330136340016,4
0,libero_object_task0_init32,0.20973286097554758,0.028056683822359364,0.21024055572082023,6
0,libero_object_task0_init33,0.4336591970234974,0.03545413326371525,0.4342094813486148,2
0,libero_object_task0_init34,0.1710206955375367,0.03262062567041643,0.17154193893652858,6
0,libero_object_task0_init35,0.2283381707543395,0.030534164949532216,0.22883917097187897,6
0,libero_object_task0_init36,0.23217977318337762,0.03330662522228028,0.2325384675220563,5
0,libero_object_task0_init37,0.2998399776631379,0.06541434820059433,0.3003237547793577,4
0,libero_object_task0_init38,0.22839311614263266,0.027629880762505398,0.22890224102815449,6
0,libero_object_task0_init39,0.15898135948731426,0.024116435715598464,0.1593389549080488,6
1,libero_object_task1_init30,0.3090184140129847,0.050596546136086176,0.30960573137298847,5
1,libero_object_task1_init31,0.27642002707755714,0.039797977986453056,0.2771187918554815,5
1,libero_object_task1_init32,0.21237651222550696,0.0322001556496383,0.21297362749749088,5
1,libero_object_task1_init33,0.29688881469726885,0.029737058888754598,0.2975591030852409,5
1,libero_object_task1_init34,0.11540686119217543,0.023028746357211152,0.11552202892878116,4
1,libero_object_task1_init35,0.2728809069763878,0.04386719200576161,0.27367045761223996,6
1,libero_object_task1_init36,0.2340435009815711,0.03245411098717612,0.23404498988441447,6
1,libero_object_task1_init37,0.28823631731054467,0.05533325745409364,0.2882833481880622,5
1,libero_object_task1_init38,0.21224927339326363,0.027333658847513386,0.21206115964892183,6
1,libero_object_task1_init39,0.30785278982381753,0.07708529383416016,0.3079877706220866,5
