signed_dose_cm,series,estimate,ci_low,ci_high,split,n_trajectories,n_tasks
-1.0,Node (propagation allowed),1.0,1.0,1.0,validation,9,5
-0.5,Node (propagation allowed),1.0,1.0,1.0,validation,9,5
0.5,Node (propagation allowed),1.0,1.0,1.0,validation,9,5
1.0,Node (propagation allowed),1.0,1.0,1.0,validation,9,5
-1.0,Strict current,0.3132913321888429,0.2810343235435741,0.3455483408341117,validation,9,5
-0.5,Strict current,0.4009555297009134,0.3607236142907219,0.4411874451111048,validation,9,5
0.5,Strict current,0.2706614097761727,0.25369638085427226,0.28834790937194177,validation,9,5
1.0,Strict current,0.1906017876859725,0.15560829855691402,0.22559527681503094,validation,9,5
-1.0,Strict future,0.7068581496662825,0.6787315717261163,0.7349847276064485,validation,9,5
-0.5,Strict future,0.6771858952776757,0.636346001332553,0.7180257892227985,validation,9,5
0.5,Strict future,0.6921651082235536,0.6594770106188124,0.7249206892450437,validation,9,5
1.0,Strict future,0.767659432195241,0.7450869782811164,0.7909232411983734,validation,9,5
