candidate_id,task_id,trajectory_id,fold,lambda_crossfit,unscaled_rmse,crossfit_rmse,donor_endpoint_rows
JNT__task5__demo000418__TRANSPORT,5,418,0,0.9081050896952964,0.008436775505716369,0.007342875768697294,12
JNT__task5__demo000420__TRANSPORT,5,420,1,0.9034914126046164,0.005175885085891872,0.005042604862423817,12
JNT__task5__demo000423__TRANSPORT,5,423,2,0.8774991782913858,0.00572228057581156,0.006449688029744854,12
JNT__task5__demo000424__TRANSPORT,5,424,3,0.8848582620753797,0.005644970908933492,0.0055872053137715275,12
JNT__task5__demo000427__TRANSPORT,5,427,4,0.9232996326045616,0.006883486597471218,0.006698690698002357,12
JNT__task5__demo000428__TRANSPORT,5,428,0,0.9081050896952964,0.005925467623520358,0.0054308937613606325,12
JNT__task5__demo000429__TRANSPORT,5,429,1,0.9034914126046164,0.014125369480097048,0.011653175043278556,12
JNT__task5__demo000430__TRANSPORT,5,430,2,0.8774991782913858,0.004331641137476367,0.004693789342762011,12
JNT__task5__demo000431__TRANSPORT,5,431,3,0.8848582620753797,0.0058521325620711825,0.006773469072326598,12
JNT__task5__demo000434__TRANSPORT,5,434,4,0.9232996326045616,0.006720670604562703,0.00687502914267858,12
JNT__task6__demo000100__TRANSPORT,6,100,0,0.9081050896952964,0.009750777494300015,0.009955314616651195,12
JNT__task6__demo000101__TRANSPORT,6,101,1,0.9034914126046164,0.012005051175653429,0.012744810220940902,12
JNT__task6__demo000102__TRANSPORT,6,102,2,0.8774991782913858,0.006246947447207137,0.006636591179573615,12
JNT__task6__demo000103__TRANSPORT,6,103,3,0.8848582620753797,0.0063532340480311296,0.006020195053668017,12
JNT__task6__demo000104__TRANSPORT,6,104,4,0.9232996326045616,0.016466317280568514,0.014800272041778851,12
JNT__task6__demo000106__TRANSPORT,6,106,0,0.9081050896952964,0.016013902658933845,0.015147350377576791,12
JNT__task6__demo000107__TRANSPORT,6,107,1,0.9034914126046164,0.01262984750367232,0.012055005805173992,12
JNT__task6__demo000109__TRANSPORT,6,109,2,0.8774991782913858,0.0065797857067020436,0.00589123375662949,12
JNT__task6__demo000110__TRANSPORT,6,110,3,0.8848582620753797,0.010407667801712386,0.010411010221054113,12
JNT__task6__demo000112__TRANSPORT,6,112,4,0.9232996326045616,0.007326356649034565,0.0077614804696616,12
JNT__task7__demo000277__TRANSPORT,7,277,0,0.9081050896952964,0.010479907521107123,0.010316575231540559,12
JNT__task7__demo000285__TRANSPORT,7,285,1,0.9034914126046164,0.00491130830536597,0.004685796667966095,12
JNT__task7__demo000286__TRANSPORT,7,286,2,0.8774991782913858,0.004055923787373859,0.004091826163449911,12
JNT__task7__demo000287__TRANSPORT,7,287,3,0.8848582620753797,0.005509826993212222,0.005270005255588645,12
JNT__task7__demo000288__TRANSPORT,7,288,4,0.9232996326045616,0.005831788480254469,0.005279559717120731,12
JNT__task7__demo000290__TRANSPORT,7,290,0,0.9081050896952964,0.00499011271831836,0.0048671490592432235,12
JNT__task7__demo000291__TRANSPORT,7,291,1,0.9034914126046164,0.004105544252052756,0.004215006344784004,12
JNT__task7__demo000292__TRANSPORT,7,292,2,0.8774991782913858,0.005088712251098619,0.0053936848803334825,12
JNT__task7__demo000294__TRANSPORT,7,294,3,0.8848582620753797,0.005755614031026752,0.0056780111308146275,12
JNT__task7__demo000296__TRANSPORT,7,296,4,0.9232996326045616,0.0063690284634608536,0.006880068731753921,12
JNT__task8__demo000144__TRANSPORT,8,144,0,0.9081050896952964,0.006172423873810025,0.00634700825514899,12
JNT__task8__demo000146__TRANSPORT,8,146,1,0.9034914126046164,0.008212098489157377,0.007281500582354501,12
JNT__task8__demo000147__TRANSPORT,8,147,2,0.8774991782913858,0.006907218026039331,0.007779324651963638,12
JNT__task8__demo000148__TRANSPORT,8,148,3,0.8848582620753797,0.0071729094476730365,0.007509985545590836,12
JNT__task8__demo000149__TRANSPORT,8,149,4,0.9232996326045616,0.0051479196631151565,0.00511470707608025,12
JNT__task8__demo000150__TRANSPORT,8,150,0,0.9081050896952964,0.005811353240724704,0.006392238188685591,12
JNT__task8__demo000151__TRANSPORT,8,151,1,0.9034914126046164,0.010560006019201082,0.011844609738960957,12
JNT__task8__demo000152__TRANSPORT,8,152,2,0.8774991782913858,0.007258444766250982,0.007827821603466656,12
JNT__task8__demo000153__TRANSPORT,8,153,3,0.8848582620753797,0.011747058313575398,0.012164356657898744,12
JNT__task8__demo000155__TRANSPORT,8,155,4,0.9232996326045616,0.008138544562214502,0.008799432048693144,12
JNT__task9__demo000323__TRANSPORT,9,323,0,0.9081050896952964,0.004395995015015745,0.004445905614722312,12
JNT__task9__demo000326__TRANSPORT,9,326,1,0.9034914126046164,0.005542356997397462,0.0055945871765432295,12
JNT__task9__demo000330__TRANSPORT,9,330,2,0.8774991782913858,0.005921765040427337,0.006113567722903382,12
JNT__task9__demo000331__TRANSPORT,9,331,3,0.8848582620753797,0.004978551843319137,0.0045464793605403545,12
JNT__task9__demo000332__TRANSPORT,9,332,4,0.9232996326045616,0.006631344592916921,0.006641447694201652,12
JNT__task9__demo000333__TRANSPORT,9,333,0,0.9081050896952964,0.0036899902497727582,0.0036107471412358196,12
JNT__task9__demo000335__TRANSPORT,9,335,1,0.9034914126046164,0.004237446356236341,0.0041529146283211995,12
JNT__task9__demo000336__TRANSPORT,9,336,2,0.8774991782913858,0.005225326554612856,0.0060150702111038835,12
JNT__task9__demo000337__TRANSPORT,9,337,3,0.8848582620753797,0.009824623340685906,0.010067095800522884,12
JNT__task9__demo000338__TRANSPORT,9,338,4,0.9232996326045616,0.010143297752555732,0.007682467646699523,12
